YEAR,STRATUM,AOU,SPECIES,POP,SEPOP,VCF,SEVCF,POOL,CODE
1955,26,9991,Pond,664698,31534,1,0,,0
1955,27,9991,Pond,256278,28321,1,0,,0
1955,28,9991,Pond,188752,25435,1,0,,0
1955,29,9991,Pond,157117,42725,1,0,,0
1955,30,9991,Pond,525462,74877,1,0,,0
1955,31,9991,Pond,844690,194440,1,0,,0
1955,32,9991,Pond,958005,37533,1,0,,0
1955,33,9991,Pond,213286,10963,1,0,,0
1955,34,9991,Pond,1198551,143436,1,0,,0
1955,35,9991,Pond,732851,54915,1,0,,0
1955,36,9991,Pond,69259,36743.43,1,0,,3
1955,37,9991,Pond,729650,74606,1,0,,0
1955,38,9991,Pond,93203,19968,1,0,,0
1955,39,9991,Pond,317966,31314,1,0,,0
1955,40,9991,Pond,352385,18628,1,0,,0
1955,41,9991,Pond,156739.76,50048.19,1,1,,1
1955,42,9991,Pond,13050.37,35567.01,1,1,,1
1955,43,9991,Pond,0,30806.91,1,1,,1
1955,44,9991,Pond,422.96,48436.6,1,1,,1
1955,45,9991,Pond,73723.32,139011.52,1,1,,1
1955,46,9991,Pond,62275.51,68159.16,1,1,,1
1955,47,9991,Pond,9886.22,10580.44,1,1,,1
1955,48,9991,Pond,68658.54,79464.06,1,1,,1
1955,49,9991,Pond,51575,41136.62,1,1,,1
1956,26,9991,Pond,557221,62304,1,0,,0
1956,27,9991,Pond,236564,29562,1,0,,0
1956,28,9991,Pond,149253,18229,1,0,,0
1956,29,9991,Pond,95044,19371,1,0,,0
1956,30,9991,Pond,315811,72564,1,0,,0
1956,31,9991,Pond,414848,121013,1,0,,0
1956,32,9991,Pond,729674,44270,1,0,,0
1956,33,9991,Pond,103113,12153,1,0,,0
1956,34,9991,Pond,746712,56334,1,0,,0
1956,35,9991,Pond,452487,39874,1,0,,0
1956,36,9991,Pond,54593,36101.89,1,0,,3
1956,37,9991,Pond,481836,65019,1,0,,0
1956,38,9991,Pond,83987,15882,1,0,,0
1956,39,9991,Pond,188970,18677,1,0,,0
1956,40,9991,Pond,246782,21210,1,0,,0
1956,41,9991,Pond,148797.56,49065.97,1,1,,1
1956,42,9991,Pond,19363.77,34821.62,1,1,,1
1956,43,9991,Pond,3009.44,29856.28,1,1,,1
1956,44,9991,Pond,9392.79,46351.42,1,1,,1
1956,45,9991,Pond,93028.95,136603.88,1,1,,1
1956,46,9991,Pond,68399.26,66973.58,1,1,,1
1956,47,9991,Pond,11326.76,10430.37,1,1,,1
1956,48,9991,Pond,77979.18,77801.61,1,1,,1
1956,49,9991,Pond,54075.85,40327.18,1,1,,1
1957,26,9991,Pond,421417,52653,1,0,,0
1957,27,9991,Pond,122624,19190,1,0,,0
1957,28,9991,Pond,77390,11014,1,0,,0
1957,29,9991,Pond,67026,14351,1,0,,0
1957,30,9991,Pond,164066,17690,1,0,,0
1957,31,9991,Pond,399228,86014,1,0,,0
1957,32,9991,Pond,344416,31517,1,0,,0
1957,33,9991,Pond,72860,7469,1,0,,0
1957,34,9991,Pond,636051,88094,1,0,,0
1957,35,9991,Pond,299313,36109,1,0,,0
1957,36,9991,Pond,82296,35625.82,1,0,,3
1957,37,9991,Pond,324959,59829,1,0,,0
1957,38,9991,Pond,34139,785,1,0,,0
1957,39,9991,Pond,96530,15628,1,0,,0
1957,40,9991,Pond,183100,17992,1,0,,0
1957,41,9991,Pond,142334.87,48307.28,1,1,,1
1957,42,9991,Pond,26392.15,34242.67,1,1,,1
1957,43,9991,Pond,7828.2,29115.56,1,1,,1
1957,44,9991,Pond,19106.37,44744.92,1,1,,1
1957,45,9991,Pond,110419.36,134627.66,1,1,,1
1957,46,9991,Pond,73578.02,66000.38,1,1,,1
1957,47,9991,Pond,12552.33,10307.55,1,1,,1
1957,48,9991,Pond,85643.34,76437.59,1,1,,1
1957,49,9991,Pond,56023.51,39663.83,1,1,,1
1958,26,9991,Pond,403035,42428,1,0,,0
1958,27,9991,Pond,163615,27905,1,0,,0
1958,28,9991,Pond,115683,16587,1,0,,0
1958,29,9991,Pond,98759,27090,1,0,,0
1958,30,9991,Pond,209975,33568,1,0,,0
1958,31,9991,Pond,318945,69095,1,0,,0
1958,32,9991,Pond,368032,24877,1,0,,0
1958,33,9991,Pond,108156,7358,1,0,,0
1958,34,9991,Pond,466716,88235,1,0,,0
1958,35,9991,Pond,343959,60552,1,0,,0
1958,36,9991,Pond,31778,35270.82,1,0,,3
1958,37,9991,Pond,192648,52947,1,0,,0
1958,38,9991,Pond,39585,1227,1,0,,0
1958,39,9991,Pond,166418,28532,1,0,,0
1958,40,9991,Pond,213391,27746,1,0,,0
1958,41,9991,Pond,137099.93,47716.62,1,1,,1
1958,42,9991,Pond,33791.81,33791.53,1,1,,1
1958,43,9991,Pond,39670,9795,1,0,,0
1958,44,9991,Pond,29066.51,43508.17,1,1,,1
1958,45,9991,Pond,132297,21175,1,0,,0
1958,46,9991,Pond,82616,21088,1,0,,0
1958,47,9991,Pond,8690,1738,1,0,,0
1958,48,9991,Pond,91879.9,75317.9,1,1,,1
1958,49,9991,Pond,57561.93,39119.87,1,1,,1
1959,26,9991,Pond,249349,28949,1,0,,0
1959,27,9991,Pond,78160,14246,1,0,,0
1959,28,9991,Pond,78194,6610,1,0,,0
1959,29,9991,Pond,111453,20959,1,0,,0
1959,30,9991,Pond,57531,11019,1,0,,0
1959,31,9991,Pond,218670,68117,1,0,,0
1959,32,9991,Pond,160002,8473,1,0,,0
1959,33,9991,Pond,79415,13735,1,0,,0
1959,34,9991,Pond,169001,35165,1,0,,0
1959,35,9991,Pond,77376,6567,1,0,,0
1959,36,9991,Pond,45630,35004.98,1,0,,3
1959,37,9991,Pond,406415,74338,1,0,,0
1959,38,9991,Pond,42098,2767,1,0,,0
1959,39,9991,Pond,70074,4047,1,0,,0
1959,40,9991,Pond,111710,15623,1,0,,0
1959,41,9991,Pond,133000.14,47254.7,1,1,,1
1959,42,9991,Pond,41320.92,33439.17,1,1,,1
1959,43,9991,Pond,21549,544,1,0,,0
1959,44,9991,Pond,41419,4526,1,0,,0
1959,45,9991,Pond,66316,5581,1,0,,0
1959,46,9991,Pond,22148,2794,1,0,,0
1959,47,9991,Pond,13035,2607,1,0,,0
1959,48,9991,Pond,29235,4515,1,0,,0
1959,49,9991,Pond,27673,10281,1,0,,0
1960,26,9991,Pond,515330,76071,1,0,,0
1960,27,9991,Pond,144335,19105,1,0,,0
1960,28,9991,Pond,142519,12300,1,0,,0
1960,29,9991,Pond,160368,37155,1,0,,0
1960,30,9991,Pond,166280,18113,1,0,,0
1960,31,9991,Pond,692558,183914,1,0,,0
1960,32,9991,Pond,394964,25287,1,0,,0
1960,33,9991,Pond,90004,14127,1,0,,0
1960,34,9991,Pond,487277,64239,1,0,,0
1960,35,9991,Pond,270172,24868,1,0,,0
1960,36,9991,Pond,16413,4421,1,0,,0
1960,37,9991,Pond,187237,35556,1,0,,0
1960,38,9991,Pond,37072,4416,1,0,,0
1960,39,9991,Pond,164249,19014,1,0,,0
1960,40,9991,Pond,178594,19889,1,0,,0
1960,41,9991,Pond,129882.54,46892.81,1,1,,1
1960,42,9991,Pond,48778.71,33163.27,1,1,,1
1960,43,9991,Pond,17631,3712,1,0,,0
1960,44,9991,Pond,53134,1539,1,0,,0
1960,45,9991,Pond,241597,35833,1,0,,0
1960,46,9991,Pond,98717,19293,1,0,,0
1960,47,9991,Pond,9559,869,1,0,,0
1960,48,9991,Pond,110295,11614,1,0,,0
1960,49,9991,Pond,63789,12063,1,0,,0
1961,26,9991,Pond,358196,74458,0.88,0.02,,0
1961,27,9991,Pond,105836,15086,0.88,0.02,,0
1961,28,9991,Pond,81952,18004,0.88,0.02,,0
1961,29,9991,Pond,49751,16983,0.88,0.02,,0
1961,30,9991,Pond,142170,45642,1.48,0.05,,0
1961,31,9991,Pond,219363,60715,1.48,0.05,,0
1961,32,9991,Pond,252231,32517,1.48,0.05,,0
1961,33,9991,Pond,80336,8780,1.48,0.05,,0
1961,34,9991,Pond,58913,17025,1.36,0.1,,0
1961,35,9991,Pond,41837,10067,1.36,0.1,,0
1961,36,9991,Pond,33134,43338.16,1.36,0.1,,3
1961,37,9991,Pond,289760,104497,1.36,0.1,,0
1961,38,9991,Pond,36339,9672,1.36,0.1,,0
1961,39,9991,Pond,117745,19247,1.36,0.1,,0
1961,40,9991,Pond,109629,20345,1.36,0.1,,0
1961,41,9991,Pond,127541.53,46609.4,1,1,,1
1961,42,9991,Pond,55933.79,32946.64,1,1,,1
1961,43,9991,Pond,11754,4571,1,0,,0
1961,44,9991,Pond,33052,7451,1,0,,0
1961,45,9991,Pond,38212,4498,1,0,,0
1961,46,9991,Pond,26261,6737,1,0,,0
1961,47,9991,Pond,9559,869,1,0,,0
1961,48,9991,Pond,48110,2933,1,0,,0
1961,49,9991,Pond,34240,1046,1,0,,0
1962,26,9991,Pond,395508,59134,1.21,0.05,,0
1962,27,9991,Pond,84878,13194,1.21,0.05,,0
1962,28,9991,Pond,73218,8013,1.21,0.05,,0
1962,29,9991,Pond,52549,9859,1.21,0.05,,0
1962,30,9991,Pond,160311,25255,0.88,0.04,,0
1962,31,9991,Pond,383369,122423,0.88,0.04,,0
1962,32,9991,Pond,311113,44800,0.88,0.04,,0
1962,33,9991,Pond,45186,5082,0.88,0.04,,0
1962,34,9991,Pond,269424,62244,1.14,0.03,,0
1962,35,9991,Pond,59938,10703,1.14,0.03,,0
1962,36,9991,Pond,25166,42462.9,1.14,0.03,,3
1962,37,9991,Pond,313547,80683,1.14,0.03,,0
1962,38,9991,Pond,31865,5946,1.14,0.03,,0
1962,39,9991,Pond,74842,12192,1.14,0.03,,0
1962,40,9991,Pond,88175,9929,1.14,0.03,,0
1962,41,9991,Pond,125801.58,46387.95,1,1,,1
1962,42,9991,Pond,62619.74,32776.12,1,1,,1
1962,43,9991,Pond,25467,6965,1,0,,0
1962,44,9991,Pond,69450,12695,1,0,,0
1962,45,9991,Pond,132632,13944,1,0,,0
1962,46,9991,Pond,97135,17225,1,0,,0
1962,47,9991,Pond,17380,3476,1,0,,0
1962,48,9991,Pond,152276,13490,1,0,,0
1962,49,9991,Pond,95684,33641,1,0,,0
1963,26,9991,Pond,543023,70647,0.97,0.03,,0
1963,27,9991,Pond,127949,29954,0.97,0.03,,0
1963,28,9991,Pond,49067,4536,0.97,0.03,,0
1963,29,9991,Pond,57578,12147,0.97,0.03,,0
1963,30,9991,Pond,144989,30612,1,0.04,,0
1963,31,9991,Pond,198501,50024,1,0.04,,0
1963,32,9991,Pond,268896,30204,1,0.04,,0
1963,33,9991,Pond,43277,11533,1,0.04,,0
1963,34,9991,Pond,239079,49873,1.03,0.04,,0
1963,35,9991,Pond,129744,21722,1.03,0.04,,0
1963,36,9991,Pond,47754,41839.3,1.03,0.04,,3
1963,37,9991,Pond,247712,26447,1.03,0.04,,0
1963,38,9991,Pond,53192,6619,1.03,0.04,,0
1963,39,9991,Pond,162511,17312,1.03,0.04,,0
1963,40,9991,Pond,168754,20621,1.03,0.04,,0
1963,41,9991,Pond,124499.05,46215.55,1,1,,1
1963,42,9991,Pond,68750.38,32641.64,1,1,,1
1963,43,9991,Pond,41605.3,26969.47,1,1,,1
1963,44,9991,Pond,80164,6339,1,0,,0
1963,45,9991,Pond,194139,40924,0.94,0.04,,0
1963,46,9991,Pond,142094,29670,0.94,0.04,,0
1963,47,9991,Pond,16363,2063,0.94,0.04,,0
1963,48,9991,Pond,133880,13246,0.94,0.04,,0
1963,49,9991,Pond,100684,29849,0.94,0.04,,0
1964,26,9991,Pond,366657,44749,1.05,0.04,,0
1964,27,9991,Pond,97113,27902,1.05,0.04,,0
1964,28,9991,Pond,62074,7569,1.05,0.04,,0
1964,29,9991,Pond,118608,28804,1.05,0.04,,0
1964,30,9991,Pond,196851,23483,1.59,0.06,,0
1964,31,9991,Pond,357343,70218,1.59,0.06,,0
1964,32,9991,Pond,322555,42832,1.59,0.06,,0
1964,33,9991,Pond,64668,22877,1.59,0.06,,0
1964,34,9991,Pond,481798,116116,1.16,0.02,,0
1964,35,9991,Pond,393969,37679,1.16,0.02,,0
1964,36,9991,Pond,77402,41392.33,1.16,0.02,,3
1964,37,9991,Pond,289576,20280,1.16,0.02,,0
1964,38,9991,Pond,38578,6964,1.16,0.02,,0
1964,39,9991,Pond,253221,28589,1.16,0.02,,0
1964,40,9991,Pond,250304,23024,1.16,0.02,,0
1964,41,9991,Pond,123480.38,46082.04,1,1,,1
1964,42,9991,Pond,74287.21,32535.42,1,1,,1
1964,43,9991,Pond,29385,5485,1,0,,0
1964,44,9991,Pond,61964,13444,1,0,,0
1964,45,9991,Pond,250656,78990,2.34,0.25,,0
1964,46,9991,Pond,96879,31467,2.34,0.25,,0
1964,47,9991,Pond,24374,9501,2.34,0.25,,0
1964,48,9991,Pond,185340,41896,2.34,0.25,,0
1964,49,9991,Pond,132653,33127,2.34,0.25,,0
1965,26,9991,Pond,601686,81215,1.02,0.02,,0
1965,27,9991,Pond,197469,40374,1.02,0.02,,0
1965,28,9991,Pond,95495,9624,1.02,0.02,,0
1965,29,9991,Pond,104179,27388,1.02,0.02,,0
1965,30,9991,Pond,327925,60012,1.33,0.07,,0
1965,31,9991,Pond,439897,126646,1.33,0.07,,0
1965,32,9991,Pond,610148,66555,1.33,0.07,,0
1965,33,9991,Pond,112182,15507,1.33,0.07,,0
1965,34,9991,Pond,435059,75916,1.32,0.05,,0
1965,35,9991,Pond,332170,29062,1.32,0.05,,0
1965,36,9991,Pond,141807,41070.46,1.32,0.05,,3
1965,37,9991,Pond,443785,38138,1.32,0.05,,0
1965,38,9991,Pond,72625,10187,1.32,0.05,,0
1965,39,9991,Pond,245962,25955,1.32,0.05,,0
1965,40,9991,Pond,218425,33660,1.32,0.05,,0
1965,41,9991,Pond,123763,14851,1,0,,0
1965,42,9991,Pond,108680,8132,1,0,,0
1965,43,9991,Pond,51302.3,26690.17,1,1,,1
1965,44,9991,Pond,84497,13059,1,0,,0
1965,45,9991,Pond,390944,99248,1.96,0.11,,0
1965,46,9991,Pond,203428,45605,1.96,0.11,,0
1965,47,9991,Pond,27255,4636,1.96,0.11,,0
1965,48,9991,Pond,196626,32427,1.96,0.11,,0
1965,49,9991,Pond,103893,16366,1.96,0.11,,0
1966,26,9991,Pond,490191,58540,1.07,0.02,,0
1966,27,9991,Pond,162580,24581,1.07,0.02,,0
1966,28,9991,Pond,134933,19863,1.07,0.02,,0
1966,29,9991,Pond,76200,13470,1.07,0.02,,0
1966,30,9991,Pond,350761,54275,1.49,0.08,,0
1966,31,9991,Pond,587304,165704,1.49,0.08,,0
1966,32,9991,Pond,595118,71520,1.49,0.08,,0
1966,33,9991,Pond,132956,15084,1.49,0.08,,0
1966,34,9991,Pond,569686,84373,1.13,0.02,,0
1966,35,9991,Pond,388506,28624,1.13,0.02,,0
1966,36,9991,Pond,115818,40838.07,1.13,0.02,,3
1966,37,9991,Pond,433194,39882,1.13,0.02,,0
1966,38,9991,Pond,62849,7139,1.13,0.02,,0
1966,39,9991,Pond,242044,24247,1.13,0.02,,0
1966,40,9991,Pond,212375,19559,1.13,0.02,,0
1966,41,9991,Pond,109606,20482,1,0,,0
1966,42,9991,Pond,94815,4078,1,0,,0
1966,43,9991,Pond,55673.72,26589.94,1,1,,1
1966,44,9991,Pond,94463,9626,1,0,,0
1966,45,9991,Pond,279861,53591,1.05,0.02,,0
1966,46,9991,Pond,192764,64135,1.05,0.02,,0
1966,47,9991,Pond,38471,7438,1.05,0.02,,0
1966,48,9991,Pond,151361,17845,1.05,0.02,,0
1966,49,9991,Pond,84046,15111,1.05,0.02,,0
1967,26,9991,Pond,377493,82303,1.21,0.04,,0
1967,27,9991,Pond,155856,25372,1.21,0.04,,0
1967,28,9991,Pond,215824,43657,1.21,0.04,,0
1967,29,9991,Pond,169890,39083,1.21,0.04,,0
1967,30,9991,Pond,282303,84319,1.31,0.05,,0
1967,31,9991,Pond,642054,184032,1.31,0.05,,0
1967,32,9991,Pond,688814,63621,1.31,0.05,,0
1967,33,9991,Pond,194890,22085,1.31,0.05,,0
1967,34,9991,Pond,545139,67190,1.2,0.03,,0
1967,35,9991,Pond,298965,31630,1.2,0.03,,0
1967,36,9991,Pond,128954,40670.31,1.2,0.03,,3
1967,37,9991,Pond,503289,96840,1.2,0.03,,0
1967,38,9991,Pond,70061,12504,1.2,0.03,,0
1967,39,9991,Pond,182714,24719,1.2,0.03,,0
1967,40,9991,Pond,234940,18442,1.2,0.03,,0
1967,41,9991,Pond,91954,12831,1,0,,0
1967,42,9991,Pond,75808,6956,1,0,,0
1967,43,9991,Pond,50138,14876,1,0,,0
1967,44,9991,Pond,90177,15678,1,0,,0
1967,45,9991,Pond,472215,84759,1.51,0.11,,0
1967,46,9991,Pond,255754,43356,1.51,0.11,,0
1967,47,9991,Pond,45284,10215,1.51,0.11,,0
1967,48,9991,Pond,200535,41383,1.51,0.11,,0
1967,49,9991,Pond,100688,16803,1.51,0.11,,0
1968,26,9991,Pond,266132,42321,0.88,0.02,,0
1968,27,9991,Pond,43628,4072,0.88,0.02,,0
1968,28,9991,Pond,47294,4705,0.88,0.02,,0
1968,29,9991,Pond,80902,24641,0.88,0.02,,0
1968,30,9991,Pond,231448,29298,1.82,0.09,,0
1968,31,9991,Pond,329573,72191,1.82,0.09,,0
1968,32,9991,Pond,404228,53038,1.82,0.09,,0
1968,33,9991,Pond,65120,17469,1.82,0.09,,0
1968,34,9991,Pond,123577,18010,0.9,0.02,,0
1968,35,9991,Pond,58512,10554,0.9,0.02,,0
1968,36,9991,Pond,39765,40549.58,0.9,0.02,,3
1968,37,9991,Pond,153852,23972,0.9,0.02,,0
1968,38,9991,Pond,27446,5992,0.9,0.02,,0
1968,39,9991,Pond,46307,5785,0.9,0.02,,0
1968,40,9991,Pond,67895,10067,0.9,0.02,,0
1968,41,9991,Pond,52828,9518,1,0,,0
1968,42,9991,Pond,63285,2514,1,0,,0
1968,43,9991,Pond,53995,2204,1,0,,0
1968,44,9991,Pond,71814,7750,1,0,,0
1968,45,9991,Pond,190267,33744,1.35,0.04,,0
1968,46,9991,Pond,148146,12467,1.35,0.04,,0
1968,47,9991,Pond,15815,5040,1.35,0.04,,0
1968,48,9991,Pond,196763,28973,1.35,0.04,,0
1968,49,9991,Pond,82363,9374,1.35,0.04,,0
1969,26,9991,Pond,483245,85885,1.34,0.07,,0
1969,27,9991,Pond,156377,26303,1.34,0.07,,0
1969,28,9991,Pond,125330,23767,1.34,0.07,,0
1969,29,9991,Pond,94544,27644,1.34,0.07,,0
1969,30,9991,Pond,386743,80334,1.3,0.05,,0
1969,31,9991,Pond,469731,141663,1.3,0.05,,0
1969,32,9991,Pond,781769,78682,1.3,0.05,,0
1969,33,9991,Pond,140011,16661,1.3,0.05,,0
1969,34,9991,Pond,267136,53448,0.95,0.07,,0
1969,35,9991,Pond,179628,29031,0.95,0.07,,0
1969,36,9991,Pond,59610,40463.27,0.95,0.07,,3
1969,37,9991,Pond,153143,26486,0.95,0.07,,0
1969,38,9991,Pond,36814,6025,0.95,0.07,,0
1969,39,9991,Pond,126267,21649,0.95,0.07,,0
1969,40,9991,Pond,87263,18116,0.95,0.07,,0
1969,41,9991,Pond,144273,23792,1,0,,0
1969,42,9991,Pond,109826,6367,1,0,,0
1969,43,9991,Pond,89512,9870,1,0,,0
1969,44,9991,Pond,156464,9266,1,0,,0
1969,45,9991,Pond,387920,52373,1.19,0.03,,0
1969,46,9991,Pond,202062,15607,1.19,0.03,,0
1969,47,9991,Pond,37618,10750,1.19,0.03,,0
1969,48,9991,Pond,313380,33729,1.19,0.03,,0
1969,49,9991,Pond,132772,22456,1.19,0.03,,0
1970,26,9991,Pond,531228,92724,1.25,0.03,,0
1970,27,9991,Pond,187139,40639,1.25,0.03,,0
1970,28,9991,Pond,86500,12867,1.25,0.03,,0
1970,29,9991,Pond,77844,28889,1.25,0.03,,0
1970,30,9991,Pond,278096,43210,0.92,0.03,,0
1970,31,9991,Pond,603695,168458,0.92,0.03,,0
1970,32,9991,Pond,733388,60771,0.92,0.03,,0
1970,33,9991,Pond,102559,17785,0.92,0.03,,0
1970,34,9991,Pond,721304,87454,1.25,0.05,,0
1970,35,9991,Pond,518056,67382,1.25,0.05,,0
1970,36,9991,Pond,79444,21726,1.25,0.05,,0
1970,37,9991,Pond,368228,52077,1.25,0.05,,0
1970,38,9991,Pond,63095,10580,1.25,0.05,,0
1970,39,9991,Pond,262215,30513,1.25,0.05,,0
1970,40,9991,Pond,262248,34255,1.25,0.05,,0
1970,41,9991,Pond,112546,8969,1,0,,0
1970,42,9991,Pond,146472,10848,1,0,,0
1970,43,9991,Pond,101492,13173,1,0,,0
1970,44,9991,Pond,161266,14889,1,0,,0
1970,45,9991,Pond,563946,90936,1.19,0.04,,0
1970,46,9991,Pond,181716,21247,1.19,0.04,,0
1970,47,9991,Pond,34813,6773,1.19,0.04,,0
1970,48,9991,Pond,218514,30047,1.19,0.04,,0
1970,49,9991,Pond,70198,12610,1.19,0.04,,0
1971,26,9991,Pond,585392.36,94027.24,1.61,0.05,,0
1971,27,9991,Pond,196601,36421,1.61,0.05,,0
1971,28,9991,Pond,121414,11619,1.61,0.05,,0
1971,29,9991,Pond,78039,23439,1.61,0.05,,0
1971,30,9991,Pond,294264,69717,0.96,0.03,,0
1971,31,9991,Pond,406953,107966,0.96,0.03,,0
1971,32,9991,Pond,495343,46975,0.96,0.03,,0
1971,33,9991,Pond,120441,16981,0.96,0.03,,0
1971,34,9991,Pond,608658,80586,0.93,0.02,,0
1971,35,9991,Pond,391727,36672,0.93,0.02,,0
1971,36,9991,Pond,69920,21271,0.93,0.02,,0
1971,37,9991,Pond,239925,33955,0.93,0.02,,0
1971,38,9991,Pond,60509,11414,0.93,0.02,,0
1971,39,9991,Pond,200724,15677,0.93,0.02,,0
1971,40,9991,Pond,183497,21856,0.93,0.02,,0
1971,41,9991,Pond,122730,7150,1,0,,0
1971,42,9991,Pond,131322,7706,1,0,,0
1971,43,9991,Pond,109403,10546,1,0,,0
1971,44,9991,Pond,146353,12479,1,0,,0
1971,45,9991,Pond,437183,74458,1.2,0.08,,0
1971,46,9991,Pond,104590,18681,1.2,0.08,,0
1971,47,9991,Pond,20375,4438,1.2,0.08,,0
1971,48,9991,Pond,158733,24345,1.2,0.08,,0
1971,49,9991,Pond,102103,14622,1.2,0.08,,0
1972,26,9991,Pond,517134,80922,1.12,0.04,,0
1972,27,9991,Pond,92732,19625,1.12,0.04,,0
1972,28,9991,Pond,60060,6747,1.12,0.04,,0
1972,29,9991,Pond,61204,14544,1.12,0.04,,0
1972,30,9991,Pond,349128,36113,1.12,0.02,,0
1972,31,9991,Pond,646164,203078,1.12,0.02,,0
1972,32,9991,Pond,357204,44445,1.12,0.02,,0
1972,33,9991,Pond,63142,9055,1.12,0.02,,0
1972,34,9991,Pond,545974,82841,1.23,0.03,,0
1972,35,9991,Pond,302777,23454,1.23,0.03,,0
1972,36,9991,Pond,103819,27956,1.23,0.03,,0
1972,37,9991,Pond,431494,40180,1.23,0.03,,0
1972,38,9991,Pond,48055,6200,1.23,0.03,,0
1972,39,9991,Pond,180364,19915,1.23,0.03,,0
1972,40,9991,Pond,249992,30270,1.23,0.03,,0
1972,41,9991,Pond,151323,11008,1,0,,0
1972,42,9991,Pond,131937,5383,1,0,,0
1972,43,9991,Pond,130877,6018,1,0,,0
1972,44,9991,Pond,205501,13646,1,0,,0
1972,45,9991,Pond,374207,59812,1.11,0.07,,0
1972,46,9991,Pond,163736,21332,1.11,0.07,,0
1972,47,9991,Pond,39105,13780,1.11,0.07,,0
1972,48,9991,Pond,291933,41935,1.11,0.07,,0
1972,49,9991,Pond,119609,20503,1.11,0.07,,0
1973,26,9991,Pond,683871,99134,1.67,0.06,,0
1973,27,9991,Pond,136385,19444,1.67,0.06,,0
1973,28,9991,Pond,121316,20636,1.67,0.06,,0
1973,29,9991,Pond,83588,22316,1.67,0.06,,0
1973,30,9991,Pond,266781,43820,1.42,0.04,,0
1973,31,9991,Pond,466551,129079,1.42,0.04,,0
1973,32,9991,Pond,326802,29737,1.42,0.04,,0
1973,33,9991,Pond,85656,24516,1.42,0.04,,0
1973,34,9991,Pond,227611,79120,1.67,0.04,,0
1973,35,9991,Pond,117041,26755,1.67,0.04,,0
1973,36,9991,Pond,82621,20199,1.67,0.04,,0
1973,37,9991,Pond,137602,16471,1.67,0.04,,0
1973,38,9991,Pond,33592,6377,1.67,0.04,,0
1973,39,9991,Pond,97662,5559,1.67,0.04,,0
1973,40,9991,Pond,82407,11263,1.67,0.04,,0
1973,41,9991,Pond,97661,10326,1,0,,0
1973,42,9991,Pond,135738,9942,1,0,,0
1973,43,9991,Pond,88382,5694,1,0,,0
1973,44,9991,Pond,153430,20153,1,0,,0
1973,45,9991,Pond,161406,23023,0.96,0.02,,0
1973,46,9991,Pond,52055,4604,0.96,0.02,,0
1973,47,9991,Pond,11396,2961,0.96,0.02,,0
1973,48,9991,Pond,121632,7363,0.96,0.02,,0
1973,49,9991,Pond,79449,8965,0.96,0.02,,0
1974,26,9991,Pond,947344,132848,0.93,0.05,,0
1974,27,9991,Pond,259125,53080,0.93,0.05,,0
1974,28,9991,Pond,124084,17639,0.93,0.05,,0
1974,29,9991,Pond,64073,10929,0.93,0.05,,0
1974,30,9991,Pond,427648,64056,0.99,0.02,,0
1974,31,9991,Pond,836676,176396,0.99,0.02,,0
1974,32,9991,Pond,755035,58771,0.99,0.02,,0
1974,33,9991,Pond,122930,7521,0.99,0.02,,0
1974,34,9991,Pond,943095,151578,1.47,0.04,,0
1974,35,9991,Pond,460946,35243,1.47,0.04,,0
1974,36,9991,Pond,141671,69301,1.47,0.04,,0
1974,37,9991,Pond,559526,44555,1.47,0.04,,0
1974,38,9991,Pond,67189,9182,1.47,0.04,,0
1974,39,9991,Pond,324561,41790,1.47,0.04,,0
1974,40,9991,Pond,356195,51127,1.47,0.04,,0
1974,41,9991,Pond,142362,24512,0.66,0.04,,0
1974,42,9991,Pond,66863,9464,0.66,0.04,,0
1974,43,9991,Pond,64733,11235,0.66,0.04,,0
1974,44,9991,Pond,68021,9407,0.66,0.04,,0
1974,45,9991,Pond,950890,192323,1.96,0.07,,0
1974,46,9991,Pond,179262,18734,1.96,0.07,,0
1974,47,9991,Pond,57308,10350,1.96,0.07,,0
1974,48,9991,Pond,185981,19540,1.96,0.07,,0
1974,49,9991,Pond,125368,11912,1.96,0.07,,0
1975,26,9991,Pond,428156,76557,1.8,0.14,,0
1975,27,9991,Pond,205809,40527,1.8,0.14,,0
1975,28,9991,Pond,178280,27376,1.8,0.14,,0
1975,29,9991,Pond,145626,29053,1.8,0.14,,0
1975,30,9991,Pond,395299,58819,0.96,0.03,,0
1975,31,9991,Pond,806149,180010,0.96,0.03,,0
1975,32,9991,Pond,785676,52986,0.96,0.03,,0
1975,33,9991,Pond,192745,26695,0.96,0.03,,0
1975,34,9991,Pond,763930,112712,1.75,0.07,,0
1975,35,9991,Pond,480885,81057,1.75,0.07,,0
1975,36,9991,Pond,59721,18989,1.75,0.07,,0
1975,37,9991,Pond,264223,44663,1.75,0.07,,0
1975,38,9991,Pond,53291,12101,1.75,0.07,,0
1975,39,9991,Pond,296181,27480,1.75,0.07,,0
1975,40,9991,Pond,264139,51038,1.75,0.07,,0
1975,41,9991,Pond,150571,35877,0.87,0.05,,0
1975,42,9991,Pond,128848,19152,0.87,0.05,,0
1975,43,9991,Pond,104938,16694,0.87,0.05,,0
1975,44,9991,Pond,151049,19071,0.87,0.05,,0
1975,45,9991,Pond,703416,92091,1.83,0.07,,0
1975,46,9991,Pond,285953,29434,1.83,0.07,,0
1975,47,9991,Pond,41445,12508,1.83,0.07,,0
1975,48,9991,Pond,236351,35890,1.83,0.07,,0
1975,49,9991,Pond,108264,20009,1.83,0.07,,0
1976,26,9991,Pond,459595,59869,1.51,0.05,,0
1976,27,9991,Pond,144151,16140,1.51,0.05,,0
1976,28,9991,Pond,104144,9207,1.51,0.05,,0
1976,29,9991,Pond,123706,30997,1.51,0.05,,0
1976,30,9991,Pond,201874,41579,0.98,0.03,,0
1976,31,9991,Pond,398981,98895,0.98,0.03,,0
1976,32,9991,Pond,553390,49870,0.98,0.03,,0
1976,33,9991,Pond,96831,12196,0.98,0.03,,0
1976,34,9991,Pond,656617,86548,1.48,0.03,,0
1976,35,9991,Pond,670848,74378,1.48,0.03,,0
1976,36,9991,Pond,75452,33883,1.48,0.03,,0
1976,37,9991,Pond,444044,60269,1.48,0.03,,0
1976,38,9991,Pond,61715,3806,1.48,0.03,,0
1976,39,9991,Pond,376404,41353,1.48,0.03,,0
1976,40,9991,Pond,231046,16981,1.48,0.03,,0
1976,41,9991,Pond,109278,12209,0.99,0.03,,0
1976,42,9991,Pond,126253,11323,0.99,0.03,,0
1976,43,9991,Pond,83960,11309,0.99,0.03,,0
1976,44,9991,Pond,92886,13839,0.99,0.03,,0
1976,45,9991,Pond,505099,88586,1.38,0.06,,0
1976,46,9991,Pond,221770,25398,1.38,0.06,,0
1976,47,9991,Pond,37384,12522,1.38,0.06,,0
1976,48,9991,Pond,121831,19986,1.38,0.06,,0
1976,49,9991,Pond,93077,14305,1.38,0.06,,0
1977,26,9991,Pond,433788,68438,1.39,0.06,,0
1977,27,9991,Pond,53011,11347,1.39,0.06,,0
1977,28,9991,Pond,45431,4230,1.39,0.06,,0
1977,29,9991,Pond,55778,9787,1.39,0.06,,0
1977,30,9991,Pond,176065,23570,1.15,0.05,,0
1977,31,9991,Pond,254673,63264,1.15,0.05,,0
1977,32,9991,Pond,265677,32081,1.15,0.05,,0
1977,33,9991,Pond,44546,14914,1.15,0.05,,0
1977,34,9991,Pond,338738,47694,0.99,0.03,,0
1977,35,9991,Pond,170320,23098,0.99,0.03,,0
1977,36,9991,Pond,35568,10698,0.99,0.03,,0
1977,37,9991,Pond,208171,23262,0.99,0.03,,0
1977,38,9991,Pond,39203,9246,0.99,0.03,,0
1977,39,9991,Pond,66971,12349,0.99,0.03,,0
1977,40,9991,Pond,89978,11883,0.99,0.03,,0
1977,41,9991,Pond,70391,16819,0.82,0.1,,0
1977,42,9991,Pond,88166,22187,0.82,0.1,,0
1977,43,9991,Pond,88189,21274,0.82,0.1,,0
1977,44,9991,Pond,84678,20594,0.82,0.1,,0
1977,45,9991,Pond,179186,26427,1.08,0.04,,0
1977,46,9991,Pond,60127,7919,1.08,0.04,,0
1977,47,9991,Pond,12809,2106,1.08,0.04,,0
1977,48,9991,Pond,114547,11220,1.08,0.04,,0
1977,49,9991,Pond,73044,8456,1.08,0.04,,0
1978,26,9991,Pond,295812,29131,1.25,0.04,,0
1978,27,9991,Pond,89800,16604,1.25,0.04,,0
1978,28,9991,Pond,88634,8239,1.25,0.04,,0
1978,29,9991,Pond,145626,36419,1.25,0.04,,0
1978,30,9991,Pond,274088,42993,1.27,0.04,,0
1978,31,9991,Pond,393614,89860,1.27,0.04,,0
1978,32,9991,Pond,566432,41101,1.27,0.04,,0
1978,33,9991,Pond,161583,34081,1.27,0.04,,0
1978,34,9991,Pond,545474,75953,0.85,0.02,,0
1978,35,9991,Pond,280655,28749,0.85,0.02,,0
1978,36,9991,Pond,129904,32545,0.85,0.02,,0
1978,37,9991,Pond,312549,34639,0.85,0.02,,0
1978,38,9991,Pond,31702,2651,0.85,0.02,,0
1978,39,9991,Pond,114911,10887,0.85,0.02,,0
1978,40,9991,Pond,191271,26078,0.85,0.02,,0
1978,41,9991,Pond,145669,26799,1.43,0.12,,0
1978,42,9991,Pond,156213,30948,1.43,0.12,,0
1978,43,9991,Pond,123674,23705,1.43,0.12,,0
1978,44,9991,Pond,212322,42382,1.43,0.12,,0
1978,45,9991,Pond,304209,24786,1.57,0.05,,0
1978,46,9991,Pond,195207,20890,1.57,0.05,,0
1978,47,9991,Pond,14212,7196,1.57,0.05,,0
1978,48,9991,Pond,307350,33655,1.57,0.05,,0
1978,49,9991,Pond,131536,20256,1.57,0.05,,0
1979,26,9991,Pond,617173,83649,1.69,0.06,,0
1979,27,9991,Pond,124870,26600,1.69,0.06,,0
1979,28,9991,Pond,100739,9570,1.69,0.06,,0
1979,29,9991,Pond,153665,32590,1.69,0.06,,0
1979,30,9991,Pond,433416,53870,1.05,0.03,,0
1979,31,9991,Pond,697459,177092,1.05,0.03,,0
1979,32,9991,Pond,660383,52285,1.05,0.03,,0
1979,33,9991,Pond,130155,17569,1.05,0.03,,0
1979,34,9991,Pond,667777,96887,1.02,0.03,,0
1979,35,9991,Pond,480873,34610,1.02,0.03,,0
1979,36,9991,Pond,67575,27724,1.02,0.03,,0
1979,37,9991,Pond,268512,34042,1.02,0.03,,0
1979,38,9991,Pond,42125,7859,1.02,0.03,,0
1979,39,9991,Pond,202495,38300,1.02,0.03,,0
1979,40,9991,Pond,211724,57397,1.02,0.03,,0
1979,41,9991,Pond,134971,25144,0.68,0.04,,0
1979,42,9991,Pond,106189,15198,0.68,0.04,,0
1979,43,9991,Pond,86951,14640,0.68,0.04,,0
1979,44,9991,Pond,82034,10173,0.68,0.04,,0
1979,45,9991,Pond,447428,40407,1.47,0.05,,0
1979,46,9991,Pond,268503,30086,1.47,0.05,,0
1979,47,9991,Pond,32870,13532,1.47,0.05,,0
1979,48,9991,Pond,214634,26998,1.47,0.05,,0
1979,49,9991,Pond,148606,19838,1.47,0.05,,0
1980,26,9991,Pond,281191,48779,0.76,0.03,,0
1980,27,9991,Pond,68122,7090,0.76,0.03,,0
1980,28,9991,Pond,59124,10919,0.76,0.03,,0
1980,29,9991,Pond,52135,14686,0.76,0.03,,0
1980,30,9991,Pond,265432,28500,1.41,0.04,,0
1980,31,9991,Pond,311330,65029,1.41,0.04,,0
1980,32,9991,Pond,358224,33315,1.41,0.04,,0
1980,33,9991,Pond,48114,9353,1.41,0.04,,0
1980,34,9991,Pond,273319,42844,1.14,0.04,,0
1980,35,9991,Pond,137210,17810,1.14,0.04,,0
1980,36,9991,Pond,32444,10862,1.14,0.04,,0
1980,37,9991,Pond,103244,11418,1.14,0.04,,0
1980,38,9991,Pond,31621,7361,1.14,0.04,,0
1980,39,9991,Pond,58521,8432,1.14,0.04,,0
1980,40,9991,Pond,60873,7889,1.14,0.04,,0
1980,41,9991,Pond,77930,10787,1.09,0.04,,0
1980,42,9991,Pond,74395,7020,1.09,0.04,,0
1980,43,9991,Pond,65370,7420,1.09,0.04,,0
1980,44,9991,Pond,66779,6252,1.09,0.04,,0
1980,45,9991,Pond,179548,21396,1.69,0.08,,0
1980,46,9991,Pond,89437,10179,1.69,0.08,,0
1980,47,9991,Pond,11134,3096,1.69,0.08,,0
1980,48,9991,Pond,108431,14681,1.69,0.08,,0
1980,49,9991,Pond,88335,15435,1.69,0.08,,0
1981,26,9991,Pond,365159,50738,0.91,0.03,,0
1981,27,9991,Pond,80505,16650,0.91,0.03,,0
1981,28,9991,Pond,58943,7950,0.91,0.03,,0
1981,29,9991,Pond,64692,21526,0.91,0.03,,0
1981,30,9991,Pond,145930,23746,0.97,0.04,,0
1981,31,9991,Pond,160516,29102,0.97,0.04,,0
1981,32,9991,Pond,126223,11610,0.97,0.04,,0
1981,33,9991,Pond,28420,5708,0.97,0.04,,0
1981,34,9991,Pond,97262,18396,1.23,0.03,,0
1981,35,9991,Pond,52607,8387,1.23,0.03,,0
1981,36,9991,Pond,30420,6843,1.23,0.03,,0
1981,37,9991,Pond,107755,11277,1.23,0.03,,0
1981,38,9991,Pond,23103,5155,1.23,0.03,,0
1981,39,9991,Pond,47454,7086,1.23,0.03,,0
1981,40,9991,Pond,54028,6960,1.23,0.03,,0
1981,41,9991,Pond,103299,17022,0.81,0.05,,0
1981,42,9991,Pond,72979,10279,0.81,0.05,,0
1981,43,9991,Pond,70290,10216,0.81,0.05,,0
1981,44,9991,Pond,64273,9874,0.81,0.05,,0
1981,45,9991,Pond,208371,20794,1.07,0.03,,0
1981,46,9991,Pond,55160,6114,1.07,0.03,,0
1981,47,9991,Pond,9666,1613,1.07,0.03,,0
1981,48,9991,Pond,58772,6543,1.07,0.03,,0
1981,49,9991,Pond,40001,6813,1.07,0.03,,0
1982,26,9991,Pond,374594,56144,0.87,0.04,,0
1982,27,9991,Pond,86406,10284,0.87,0.04,,0
1982,28,9991,Pond,66784,10432,0.87,0.04,,0
1982,29,9991,Pond,103313,28899,0.87,0.04,,0
1982,30,9991,Pond,283612,38455,1.72,0.07,,0
1982,31,9991,Pond,629722,134981,1.72,0.07,,0
1982,32,9991,Pond,704505,71640,1.72,0.07,,0
1982,33,9991,Pond,119019,25858,1.72,0.07,,0
1982,34,9991,Pond,247506,25804,1.27,0.04,,0
1982,35,9991,Pond,210367,28707,1.27,0.04,,0
1982,36,9991,Pond,27028,6325,1.27,0.04,,0
1982,37,9991,Pond,131121,14333,1.27,0.04,,0
1982,38,9991,Pond,25310,5501,1.27,0.04,,0
1982,39,9991,Pond,88215,7918,1.27,0.04,,0
1982,40,9991,Pond,87362,19308,1.27,0.04,,0
1982,41,9991,Pond,147050,29024,0.96,0.06,,0
1982,42,9991,Pond,126468,18561,0.96,0.06,,0
1982,43,9991,Pond,140467,21660,0.96,0.06,,0
1982,44,9991,Pond,148066,22989,0.96,0.06,,0
1982,45,9991,Pond,443160,63740,1.14,0.03,,0
1982,46,9991,Pond,183407,18300,1.14,0.03,,0
1982,47,9991,Pond,18976,5221,1.14,0.03,,0
1982,48,9991,Pond,176662,27244,1.14,0.03,,0
1982,49,9991,Pond,73702,10713,1.14,0.03,,0
1983,26,9991,Pond,318745,38524,0.86,0.03,,0
1983,27,9991,Pond,56044,4416,0.86,0.03,,0
1983,28,9991,Pond,58022,5672,0.86,0.03,,0
1983,29,9991,Pond,64305,12824,0.86,0.03,,0
1983,30,9991,Pond,384934,48420,1.33,0.04,,0
1983,31,9991,Pond,715446,175579,1.33,0.04,,0
1983,32,9991,Pond,711918,52146,1.33,0.04,,0
1983,33,9991,Pond,95962,21524,1.33,0.04,,0
1983,34,9991,Pond,464631,45391,1,0.03,,0
1983,35,9991,Pond,323346,33137,1,0.03,,0
1983,36,9991,Pond,89234,5083,1,0.03,,0
1983,37,9991,Pond,271728,34842,1,0.03,,0
1983,38,9991,Pond,34252,6164,1,0.03,,0
1983,39,9991,Pond,163286,21341,1,0.03,,0
1983,40,9991,Pond,153856,19758,1,0.03,,0
1983,41,9991,Pond,85205,12470,1.02,0.05,,0
1983,42,9991,Pond,88651,11392,1.02,0.05,,0
1983,43,9991,Pond,79960,8429,1.02,0.05,,0
1983,44,9991,Pond,104317,12956,1.02,0.05,,0
1983,45,9991,Pond,398146,51033,1.31,0.06,,0
1983,46,9991,Pond,147520,20545,1.31,0.06,,0
1983,47,9991,Pond,23305,5440,1.31,0.06,,0
1983,48,9991,Pond,189418,26430,1.31,0.06,,0
1983,49,9991,Pond,142628,20951,1.31,0.06,,0
1984,26,9991,Pond,386351,64264,0.97,0.03,,0
1984,27,9991,Pond,69838,8705,0.97,0.03,,0
1984,28,9991,Pond,42892,4212,0.97,0.03,,0
1984,29,9991,Pond,38815,5862,0.97,0.03,,0
1984,30,9991,Pond,283066,82297,1.13,0.06,,0
1984,31,9991,Pond,548332,142806,1.13,0.06,,0
1984,32,9991,Pond,266938,32861,1.13,0.06,,0
1984,33,9991,Pond,35218,9659,1.13,0.06,,0
1984,34,9991,Pond,260341,58018,1.17,0.09,,0
1984,35,9991,Pond,131871,22574,1.17,0.09,,0
1984,36,9991,Pond,69312,12668,1.17,0.09,,0
1984,37,9991,Pond,159056,37336,1.17,0.09,,0
1984,38,9991,Pond,36519,10150,1.17,0.09,,0
1984,39,9991,Pond,86326,18981,1.17,0.09,,0
1984,40,9991,Pond,58192,11939,1.17,0.09,,0
1984,41,9991,Pond,88644,16420,1.1,0.09,,0
1984,42,9991,Pond,117541,21959,1.1,0.09,,0
1984,43,9991,Pond,113861,23379,1.1,0.09,,0
1984,44,9991,Pond,142826,29983,1.1,0.09,,0
1984,45,9991,Pond,554579,58271,1.09,0.05,,0
1984,46,9991,Pond,269246,30913,1.09,0.05,,0
1984,47,9991,Pond,27731,7150,1.09,0.05,,0
1984,48,9991,Pond,262387,33252,1.09,0.05,,0
1984,49,9991,Pond,189387,23064,1.09,0.05,,0
1985,26,9991,Pond,493458,98055,0.83,0.05,,0
1985,27,9991,Pond,170249,41310,0.83,0.05,,0
1985,28,9991,Pond,89250,15910,0.83,0.05,,0
1985,29,9991,Pond,75313,19225,0.83,0.05,,0
1985,30,9991,Pond,622251,73084,1.03,0.03,,0
1985,31,9991,Pond,737129,148484,1.03,0.03,,0
1985,32,9991,Pond,722930,96171,1.03,0.03,,0
1985,33,9991,Pond,108016,22205,1.03,0.03,,0
1985,34,9991,Pond,560424,96225,1.02,0.03,,0
1985,35,9991,Pond,207783,20642,1.02,0.03,,0
1985,36,9991,Pond,45424,13794,1.02,0.03,,0
1985,37,9991,Pond,234600,21129,1.02,0.03,,0
1985,38,9991,Pond,29034,2316,1.02,0.03,,0
1985,39,9991,Pond,83659,10385,1.02,0.03,,0
1985,40,9991,Pond,103567,9942,1.02,0.03,,0
1985,41,9991,Pond,127318,18321,0.95,0.05,,0
1985,42,9991,Pond,160026,22310,0.95,0.05,,0
1985,43,9991,Pond,114955,21860,0.95,0.05,,0
1985,44,9991,Pond,116731,13208,0.95,0.05,,0
1985,45,9991,Pond,355475,49293,1.03,0.06,,0
1985,46,9991,Pond,126586,25425,1.03,0.06,,0
1985,47,9991,Pond,17608,3002,1.03,0.06,,0
1985,48,9991,Pond,183817,23799,1.03,0.06,,0
1985,49,9991,Pond,124413,18323,1.03,0.06,,0
1986,26,9991,Pond,514467,84651,0.99,0.03,,0
1986,27,9991,Pond,70722,16279,0.99,0.03,,0
1986,28,9991,Pond,46371,3425,0.99,0.03,,0
1986,29,9991,Pond,95957,33052,0.99,0.03,,0
1986,30,9991,Pond,343774,28491,1.03,0.04,,0
1986,31,9991,Pond,402474,64960,1.03,0.04,,0
1986,32,9991,Pond,615206,74046,1.03,0.04,,0
1986,33,9991,Pond,112817,18851,1.03,0.04,,0
1986,34,9991,Pond,529120,66085,1.03,0.04,,0
1986,35,9991,Pond,346258,46935,1.03,0.04,,0
1986,36,9991,Pond,94302,26649,1.03,0.04,,0
1986,37,9991,Pond,383751,45026,1.03,0.04,,0
1986,38,9991,Pond,70170,9331,1.03,0.04,,0
1986,39,9991,Pond,197072,33138,1.03,0.04,,0
1986,40,9991,Pond,202212,22865,1.03,0.04,,0
1986,41,9991,Pond,190396,25354,1.62,0.1,,0
1986,42,9991,Pond,206263,27049,1.62,0.1,,0
1986,43,9991,Pond,120031,20673,1.62,0.1,,0
1986,44,9991,Pond,216729,32680,1.62,0.1,,0
1986,45,9991,Pond,381156,37382,0.95,0.04,,0
1986,46,9991,Pond,201734,17580,0.95,0.04,,0
1986,47,9991,Pond,25840,6479,0.95,0.04,,0
1986,48,9991,Pond,260511,26084,0.95,0.04,,0
1986,49,9991,Pond,132164,15203,0.95,0.04,,0
1987,26,9991,Pond,325047,75447,0.83,0.08,,0
1987,27,9991,Pond,151517,58133,0.83,0.08,,0
1987,28,9991,Pond,58119,15879,0.83,0.08,,0
1987,29,9991,Pond,72083,27181,0.83,0.08,,0
1987,30,9991,Pond,223794,21038,0.95,0.02,,0
1987,31,9991,Pond,260876,44577,0.95,0.02,,0
1987,32,9991,Pond,347497,34286,0.95,0.02,,0
1987,33,9991,Pond,150913,35804,0.95,0.02,,0
1987,34,9991,Pond,251539,32101,0.88,0.02,,0
1987,35,9991,Pond,184291,14677,0.88,0.02,,0
1987,36,9991,Pond,42082,6766,0.88,0.02,,0
1987,37,9991,Pond,165172,24756,0.88,0.02,,0
1987,38,9991,Pond,37646,3116,0.88,0.02,,0
1987,39,9991,Pond,119356,12114,0.88,0.02,,0
1987,40,9991,Pond,133814,11900,0.88,0.02,,0
1987,41,9991,Pond,102197,10577,0.97,0.04,,0
1987,42,9991,Pond,127141,13724,0.97,0.04,,0
1987,43,9991,Pond,134457,16537,0.97,0.04,,0
1987,44,9991,Pond,194898,23109,0.97,0.04,,0
1987,45,9991,Pond,281189,22727,0.98,0.02,,0
1987,46,9991,Pond,170431,12533,0.98,0.02,,0
1987,47,9991,Pond,15061,3333,0.98,0.02,,0
1987,48,9991,Pond,216448,16765,0.98,0.02,,0
1987,49,9991,Pond,105929,10910,0.98,0.02,,0
1988,26,9991,Pond,229287,36955,1.04,0.05,,0
1988,27,9991,Pond,61562,11147,1.04,0.05,,0
1988,28,9991,Pond,52705,5121,1.04,0.05,,0
1988,29,9991,Pond,74322,17873,1.04,0.05,,0
1988,30,9991,Pond,217588,47594,0.87,0.02,,0
1988,31,9991,Pond,378725,84045,0.87,0.02,,0
1988,32,9991,Pond,149146,15141,0.87,0.02,,0
1988,33,9991,Pond,37148,7683,0.87,0.02,,0
1988,34,9991,Pond,213804,45756,1.52,0.06,,0
1988,35,9991,Pond,63390,13036,1.52,0.06,,0
1988,36,9991,Pond,108225,27783,1.52,0.06,,0
1988,37,9991,Pond,318522,51503,1.52,0.06,,0
1988,38,9991,Pond,43372,10155,1.52,0.06,,0
1988,39,9991,Pond,48774,6795,1.52,0.06,,0
1988,40,9991,Pond,113578,15378,1.52,0.06,,0
1988,41,9991,Pond,78290,9932,0.96,0.05,,0
1988,42,9991,Pond,91972,11267,0.96,0.05,,0
1988,43,9991,Pond,94705,16345,0.96,0.05,,0
1988,44,9991,Pond,92544,12630,0.96,0.05,,0
1988,45,9991,Pond,135420,21430,1.05,0.03,,0
1988,46,9991,Pond,74764,10830,1.05,0.03,,0
1988,47,9991,Pond,8748,3177,1.05,0.03,,0
1988,48,9991,Pond,99859,12839,1.05,0.03,,0
1988,49,9991,Pond,114356,12205,1.05,0.03,,0
1989,26,9991,Pond,273985,41025,1.07,0.06,,0
1989,27,9991,Pond,111181,26778,1.07,0.06,,0
1989,28,9991,Pond,57836,7414,1.07,0.06,,0
1989,29,9991,Pond,105858,38627,1.07,0.06,,0
1989,30,9991,Pond,208088,33589,1.11,0.05,,0
1989,31,9991,Pond,220599,33846,1.11,0.05,,0
1989,32,9991,Pond,222911,30289,1.11,0.05,,0
1989,33,9991,Pond,71109,10795,1.11,0.05,,0
1989,34,9991,Pond,63931,9058,1.26,0.04,,0
1989,35,9991,Pond,73088,13794,1.26,0.04,,0
1989,36,9991,Pond,36639,4993,1.26,0.04,,0
1989,37,9991,Pond,99091,13322,1.26,0.04,,0
1989,38,9991,Pond,38177,8822,1.26,0.04,,0
1989,39,9991,Pond,63452,10449,1.26,0.04,,0
1989,40,9991,Pond,46800,4800,1.26,0.04,,0
1989,41,9991,Pond,160463,13823,1,0.03,,0
1989,42,9991,Pond,177332,15876,1,0.03,,0
1989,43,9991,Pond,116411,16154,1,0.03,,0
1989,44,9991,Pond,195390,24973,1,0.03,,0
1989,45,9991,Pond,198556,17176,0.99,0.02,,0
1989,46,9991,Pond,117511,16518,0.99,0.02,,0
1989,47,9991,Pond,15492,4139,0.99,0.02,,0
1989,48,9991,Pond,222019,39679,0.99,0.02,,0
1989,49,9991,Pond,86733,17928,0.99,0.02,,0
1989,75,9991,Pond,160405.59,31101.92,1.02,0.07,,0
1989,76,9991,Pond,251461.56,16038.55,1.02,0.07,,0
1990,26,9991,Pond,467916,66911,0.96,0.03,,0
1990,27,9991,Pond,116410,33327,0.96,0.03,,0
1990,28,9991,Pond,66153,6822,0.96,0.03,,0
1990,29,9991,Pond,121656,31499,0.96,0.03,,0
1990,30,9991,Pond,212982,32277,1.24,0.04,,0
1990,31,9991,Pond,284859,59029,1.24,0.04,,0
1990,32,9991,Pond,277138,25999,1.24,0.04,,0
1990,33,9991,Pond,56782,9483,1.24,0.04,,0
1990,34,9991,Pond,453632,67551,1.25,0.03,,0
1990,35,9991,Pond,97383,17572,1.25,0.03,,0
1990,36,9991,Pond,80723,21535,1.25,0.03,,0
1990,37,9991,Pond,348462,40936,1.25,0.03,,0
1990,38,9991,Pond,35651,8091,1.25,0.03,,0
1990,39,9991,Pond,52375,4723,1.25,0.03,,0
1990,40,9991,Pond,145170,10093,1.25,0.03,,0
1990,41,9991,Pond,121671,23075,0.83,0.07,,0
1990,42,9991,Pond,124294,26343,0.83,0.07,,0
1990,43,9991,Pond,72836,12829,0.83,0.07,,0
1990,44,9991,Pond,123953,22269,0.83,0.07,,0
1990,45,9991,Pond,64885,7010,0.96,0.04,,0
1990,46,9991,Pond,39496,4586,0.96,0.04,,0
1990,47,9991,Pond,8031,3056,0.96,0.04,,0
1990,48,9991,Pond,79351,9211,0.96,0.04,,0
1990,49,9991,Pond,56680,7721,0.96,0.04,,0
1990,75,9991,Pond,174436.42,27710.42,1.05,0.1,,0
1990,76,9991,Pond,315508.01,26349.71,1.05,0.1,,0
1991,26,9991,Pond,445659,42620,1.06,0.03,,0
1991,27,9991,Pond,83147,17297,1.06,0.03,,0
1991,28,9991,Pond,73487,8193,1.06,0.03,,0
1991,29,9991,Pond,93444,21395,1.06,0.03,,0
1991,30,9991,Pond,194812,30215,0.98,0.03,,0
1991,31,9991,Pond,213222,41324,0.98,0.03,,0
1991,32,9991,Pond,437338,52331,0.98,0.03,,0
1991,33,9991,Pond,157120,41884,0.98,0.03,,0
1991,34,9991,Pond,257812,32277,0.79,0.03,,0
1991,35,9991,Pond,144762,27187,0.79,0.03,,0
1991,36,9991,Pond,28783,10178,0.79,0.03,,0
1991,37,9991,Pond,147119,17481,0.79,0.03,,0
1991,38,9991,Pond,32391,3196,0.79,0.03,,0
1991,39,9991,Pond,70804,11491,0.79,0.03,,0
1991,40,9991,Pond,114002,7884,0.79,0.03,,0
1991,41,9991,Pond,111568,10739,1.09,0.18,,0
1991,42,9991,Pond,130063,15234,1.09,0.18,,0
1991,43,9991,Pond,72432,11348,1.09,0.18,,0
1991,44,9991,Pond,106517,11205,1.09,0.18,,0
1991,45,9991,Pond,59142,8472,0.96,0.05,,0
1991,46,9991,Pond,36067,4906,0.96,0.05,,0
1991,47,9991,Pond,7680,3153,0.96,0.05,,0
1991,48,9991,Pond,113068,16626,0.96,0.05,,0
1991,49,9991,Pond,69540,11954,0.96,0.05,,0
1991,75,9991,Pond,166099.43,28430.68,1.12,0.08,,0
1991,76,9991,Pond,252128.96,20154.01,1.12,0.08,,0
1992,26,9991,Pond,328103.14,39325.12,0.97,0.03,,0
1992,27,9991,Pond,78342.37,16826.82,0.97,0.03,,0
1992,28,9991,Pond,47975.62,3374.66,0.97,0.03,,0
1992,29,9991,Pond,48799.22,9860.68,0.97,0.03,,0
1992,30,9991,Pond,247891.29,26360.5,1.2,0.02,,0
1992,31,9991,Pond,376385.1,97848.46,1.2,0.02,,0
1992,32,9991,Pond,349776.23,51595.69,1.2,0.02,,0
1992,33,9991,Pond,34488.8,7310.2,1.2,0.02,,0
1992,34,9991,Pond,378313.1,55152.06,1.35,0.05,,0
1992,35,9991,Pond,229071.6,32646.55,1.35,0.05,,0
1992,36,9991,Pond,61938.46,12383.82,1.35,0.05,,0
1992,37,9991,Pond,261940.96,17530.86,1.35,0.05,,0
1992,38,9991,Pond,54005.25,3763.66,1.35,0.05,,0
1992,39,9991,Pond,150259.2,19664.24,1.35,0.05,,0
1992,40,9991,Pond,136624.32,12999.91,1.35,0.05,,0
1992,41,9991,Pond,95556.8,9209.66,1.14,0.06,,0
1992,42,9991,Pond,139955.68,12592.2,1.14,0.06,,0
1992,43,9991,Pond,119566.05,9686.15,1.14,0.06,,0
1992,44,9991,Pond,107482.22,8192.1,1.14,0.06,,0
1992,45,9991,Pond,146723.04,18089.05,0.97,0.02,,0
1992,46,9991,Pond,47877.64,3327.31,0.97,0.02,,0
1992,47,9991,Pond,9440.81,3282.14,0.97,0.02,,0
1992,48,9991,Pond,96760.38,9577.1,0.97,0.02,,0
1992,49,9991,Pond,61599.99,10213.68,0.97,0.02,,0
1992,75,9991,Pond,137176.12,12004.29,0.99,0.03,,0
1992,76,9991,Pond,282038.54,21250.63,0.99,0.03,,0
1993,26,9991,Pond,344030.72,39969.83,0.88,0.02,,0
1993,27,9991,Pond,139137.82,10444.76,0.88,0.02,,0
1993,28,9991,Pond,90745.6,10822.5,0.88,0.02,,0
1993,29,9991,Pond,115923.12,26509.8,0.88,0.02,,0
1993,30,9991,Pond,167698.02,28919.27,1.14,0.02,,0
1993,31,9991,Pond,189633.42,39345.19,1.14,0.02,,0
1993,32,9991,Pond,337278.54,31238.28,1.14,0.02,,0
1993,33,9991,Pond,93981.98,17127.15,1.14,0.02,,0
1993,34,9991,Pond,202973.12,21841.9,1,0.03,,0
1993,35,9991,Pond,96325.77,13835.04,1,0.03,,0
1993,36,9991,Pond,48324.78,9211.03,1,0.03,,0
1993,37,9991,Pond,216768.27,40761.27,1,0.03,,0
1993,38,9991,Pond,55712.22,2051.07,1,0.03,,0
1993,39,9991,Pond,63416.88,13427.4,1,0.03,,0
1993,40,9991,Pond,99187.2,7072,1,0.03,,0
1993,41,9991,Pond,94287.73,7792.72,1.18,0.09,,0
1993,42,9991,Pond,100535.7,11841.12,1.18,0.09,,0
1993,43,9991,Pond,106424.09,14029.71,1.18,0.09,,0
1993,44,9991,Pond,141080.22,14606.55,1.18,0.09,,0
1993,45,9991,Pond,167251.3,26236.02,1.08,0.06,,0
1993,46,9991,Pond,162996.62,16260.76,1.08,0.06,,0
1993,47,9991,Pond,18394.99,7287.19,1.08,0.06,,0
1993,48,9991,Pond,334664.19,32549.89,1.08,0.06,,0
1993,49,9991,Pond,224952.63,24258.73,1.08,0.06,,0
1993,75,9991,Pond,156211.82,17002.05,1.01,0.03,,0
1993,76,9991,Pond,245279.42,12207.56,1.01,0.03,,0
1994,26,9991,Pond,406094.34,51218.19,0.91,0.03,,0
1994,27,9991,Pond,122543.48,19501.35,0.91,0.03,,0
1994,28,9991,Pond,69750.2,5665.32,0.91,0.03,,0
1994,29,9991,Pond,121988,31002.13,0.91,0.03,,0
1994,30,9991,Pond,407268.01,70841.38,1.07,0.04,,0
1994,31,9991,Pond,564677.22,113107.07,1.07,0.04,,0
1994,32,9991,Pond,742871.18,62906,1.07,0.04,,0
1994,33,9991,Pond,178040.86,27629.05,1.07,0.04,,0
1994,34,9991,Pond,472265.81,48113.61,1.04,0.08,,0
1994,35,9991,Pond,287995.41,25883.44,1.04,0.08,,0
1994,36,9991,Pond,45760,8200.42,1.04,0.08,,0
1994,37,9991,Pond,157912.4,15631.53,1.04,0.08,,0
1994,38,9991,Pond,37029.77,9370.8,1.04,0.08,,0
1994,39,9991,Pond,89396.24,17728.44,1.04,0.08,,0
1994,40,9991,Pond,65554.94,5250.13,1.04,0.08,,0
1994,41,9991,Pond,227407.65,26159.93,1.82,0.2,,0
1994,42,9991,Pond,251113.41,35487.5,1.82,0.2,,0
1994,43,9991,Pond,203227.94,29533.22,1.82,0.2,,0
1994,44,9991,Pond,281083.64,34165.36,1.82,0.2,,0
1994,45,9991,Pond,412005.79,35223.75,1.1,0.07,,0
1994,46,9991,Pond,275531.66,20381.4,1.1,0.07,,0
1994,47,9991,Pond,27912.28,8922.98,1.1,0.07,,0
1994,48,9991,Pond,356488.08,41781.15,1.1,0.07,,0
1994,49,9991,Pond,180850.8,20583.1,1.1,0.07,,0
1994,75,9991,Pond,147211.95,28863.38,1.02,0.05,,0
1994,76,9991,Pond,238152.43,29123.75,1.02,0.05,,0
1995,26,9991,Pond,417915.56,60962.94,1.01,0.03,1,0
1995,27,9991,Pond,93241.89,22911.61,1.01,0.03,1,0
1995,28,9991,Pond,58766.34,4770.03,1.01,0.03,1,0
1995,29,9991,Pond,118814.18,35092.46,1.01,0.03,1,0
1995,30,9991,Pond,344940.78,53440.37,1,0.03,1,0
1995,31,9991,Pond,680902.08,180332.33,1,0.03,1,0
1995,32,9991,Pond,343487.59,32793.42,1,0.03,1,0
1995,33,9991,Pond,52691.22,10741.03,1,0.03,1,0
1995,34,9991,Pond,560988.75,63526.09,1.55,0.1,1,0
1995,35,9991,Pond,331351.89,35214.93,1.55,0.1,1,0
1995,36,9991,Pond,79657.55,16929.1,1.55,0.1,1,0
1995,37,9991,Pond,332102.48,35893.21,1.55,0.1,1,0
1995,38,9991,Pond,65240.92,12923.28,1.55,0.1,1,0
1995,39,9991,Pond,239534.66,18596.25,1.55,0.1,1,0
1995,40,9991,Pond,172902.21,25996.71,1.55,0.1,1,0
1995,41,9991,Pond,164132.16,47031.16,1.12,0.12,1,1
1995,42,9991,Pond,184664.76,27128.02,1.12,0.12,1,0
1995,43,9991,Pond,196981.2,23163.57,1.12,0.12,1,0
1995,44,9991,Pond,279392.34,34015.32,1.12,0.12,1,0
1995,45,9991,Pond,581619.57,51065.79,0.97,0.04,1,0
1995,46,9991,Pond,347969.55,21985.98,0.97,0.04,1,0
1995,47,9991,Pond,34051.3,16570.29,0.97,0.04,1,0
1995,48,9991,Pond,458163.75,55091.72,0.97,0.04,1,0
1995,49,9991,Pond,195881.08,19106.98,0.97,0.04,1,0
1995,75,9991,Pond,175081.7,34053.55,1.39,0.19,1,0
1995,76,9991,Pond,330864.08,53280.19,1.39,0.19,1,0
1996,26,9991,Pond,522063.77,56784.66,1,0.04,1,0
1996,27,9991,Pond,138364.88,23182.85,1,0.04,1,0
1996,28,9991,Pond,130494.2,7193.37,1,0.04,1,0
1996,29,9991,Pond,112943.23,13103.07,1,0.04,1,0
1996,30,9991,Pond,408311.12,25764.38,1.07,0.03,1,0
1996,31,9991,Pond,666916.96,127224.05,1.07,0.03,1,0
1996,32,9991,Pond,1041421.47,79765.24,1.07,0.03,1,0
1996,33,9991,Pond,197625.3,20375.47,1.07,0.03,1,0
1996,34,9991,Pond,572991.31,63464.8,0.81,0.04,1,0
1996,35,9991,Pond,381601.41,25574.97,0.81,0.04,1,0
1996,36,9991,Pond,76862.45,11278.92,0.81,0.04,1,0
1996,37,9991,Pond,371207.11,33792.43,0.81,0.04,1,0
1996,38,9991,Pond,54466.34,4298.88,0.81,0.04,1,0
1996,39,9991,Pond,177222.22,18743.93,0.81,0.04,1,0
1996,40,9991,Pond,150070.53,15426.73,0.81,0.04,1,0
1996,41,9991,Pond,209397.55,42194.08,1.52,0.22,1,0
1996,42,9991,Pond,174715.1,27963.99,1.52,0.22,1,0
1996,43,9991,Pond,193851.21,30453.79,1.52,0.22,1,0
1996,44,9991,Pond,324424.06,65279.24,1.52,0.22,1,0
1996,45,9991,Pond,544982.73,45852.16,0.98,0.03,1,0
1996,46,9991,Pond,386129.16,31079.75,0.98,0.03,1,0
1996,47,9991,Pond,55777.44,18835.02,0.98,0.03,1,0
1996,48,9991,Pond,418162.16,80003.59,0.98,0.03,1,0
1996,49,9991,Pond,172241.5,26883.08,0.98,0.03,1,0
1996,75,9991,Pond,239322.16,26963.88,0.98,0.04,1,0
1996,76,9991,Pond,329637.95,29298.49,0.98,0.04,1,0
1997,26,9991,Pond,653603.62,89647.68,1.07,0.06,1,0
1997,27,9991,Pond,199006.78,29891.15,1.07,0.06,1,0
1997,28,9991,Pond,143244.69,28279.79,1.07,0.06,1,0
1997,29,9991,Pond,104583.63,15550.02,1.07,0.06,1,0
1997,30,9991,Pond,461589.7,29064.43,0.94,0.02,1,0
1997,31,9991,Pond,497368.46,91993.73,0.94,0.02,1,0
1997,32,9991,Pond,972049.79,66554.23,0.94,0.02,1,0
1997,33,9991,Pond,163437.06,18665.55,0.94,0.02,1,0
1997,34,9991,Pond,578141.37,66248.2,0.92,0.05,1,0
1997,35,9991,Pond,319461.52,27311.9,0.92,0.05,1,0
1997,36,9991,Pond,99934.22,29732.64,0.92,0.05,1,0
1997,37,9991,Pond,467509.02,41879.93,0.92,0.05,1,0
1997,38,9991,Pond,84497.64,10599.23,0.92,0.05,1,0
1997,39,9991,Pond,157356.39,18960.24,0.92,0.05,1,0
1997,40,9991,Pond,159199.55,13946.33,0.92,0.05,1,0
1997,41,9991,Pond,154320.63,22898.43,1.17,0.11,1,0
1997,42,9991,Pond,160220.55,17324.2,1.17,0.11,1,0
1997,43,9991,Pond,163018.84,18090.56,1.17,0.11,1,0
1997,44,9991,Pond,278804.72,27654.17,1.17,0.11,1,0
1997,45,9991,Pond,558785.92,48996.83,0.94,0.03,1,0
1997,46,9991,Pond,393343.59,39726.33,0.94,0.03,1,0
1997,47,9991,Pond,42434.57,14262.2,0.94,0.03,1,0
1997,48,9991,Pond,478800.32,49031.84,0.94,0.03,1,0
1997,49,9991,Pond,167503.2,20169.9,0.94,0.03,1,0
1997,75,9991,Pond,394082.19,76120.88,0.92,0.06,1,0
1997,76,9991,Pond,405438.94,52690.4,0.92,0.06,1,0
1998,26,9991,Pond,358099.44,58400.53,0.94,0.04,1,0
1998,27,9991,Pond,78697.28,4548.39,0.94,0.04,1,0
1998,28,9991,Pond,66327.9,4536.19,0.94,0.04,1,0
1998,29,9991,Pond,56219.18,7592.58,0.94,0.04,1,0
1998,30,9991,Pond,146487.78,40317.17,1.13,0.05,1,0
1998,31,9991,Pond,284622.9,77884.99,1.13,0.05,1,0
1998,32,9991,Pond,344989.04,32699.3,1.13,0.05,1,0
1998,33,9991,Pond,49288.74,6436.98,1.13,0.05,1,0
1998,34,9991,Pond,403036.75,50086.51,0.85,0.03,1,0
1998,35,9991,Pond,241798.86,49647.3,0.85,0.03,1,0
1998,36,9991,Pond,43020.82,7127.58,0.85,0.03,1,0
1998,37,9991,Pond,194941.34,10897.89,0.85,0.03,1,0
1998,38,9991,Pond,44343.26,6376.98,0.85,0.03,1,0
1998,39,9991,Pond,124092.09,14450.62,0.85,0.03,1,0
1998,40,9991,Pond,85709.12,14248.17,0.85,0.03,1,0
1998,41,9991,Pond,149386.82,13791.28,1.37,0.08,5,0
1998,42,9991,Pond,175971.51,17923.57,1.37,0.08,5,0
1998,43,9991,Pond,159371.15,13526.28,1.37,0.08,5,0
1998,44,9991,Pond,195305.62,19048.28,1.37,0.08,5,0
1998,45,9991,Pond,462406.41,44017.29,1.05,0.03,1,0
1998,46,9991,Pond,359009.33,30820.64,1.05,0.03,1,0
1998,47,9991,Pond,63968.42,35117.93,1.05,0.03,1,0
1998,48,9991,Pond,337845.52,44317.84,1.05,0.03,1,0
1998,49,9991,Pond,161989.15,28577.65,1.05,0.03,1,0
1998,75,9991,Pond,170455.81,31211.98,0.89,0.04,1,0
1998,76,9991,Pond,225476.51,27327.87,0.89,0.04,1,0
1999,26,9991,Pond,469519.93,72105.37,1.56,0.09,1,0
1999,27,9991,Pond,104611.66,10079.85,1.56,0.09,1,0
1999,28,9991,Pond,67171.5,9066.74,1.56,0.09,1,0
1999,29,9991,Pond,74707.03,8822.99,1.56,0.09,1,0
1999,30,9991,Pond,313141.17,33660.67,1,0.03,1,0
1999,31,9991,Pond,344404.66,92885.5,1,0.03,1,0
1999,32,9991,Pond,807043.26,51954.62,1,0.03,1,0
1999,33,9991,Pond,93533.22,14036.37,1,0.03,1,0
1999,34,9991,Pond,614884.25,56928.53,1.6,0.07,1,0
1999,35,9991,Pond,362340.19,35241.19,1.6,0.07,1,0
1999,36,9991,Pond,36786.49,11939.36,1.6,0.07,1,0
1999,37,9991,Pond,185633.04,15918.79,1.6,0.07,1,0
1999,38,9991,Pond,32578.59,4688.53,1.6,0.07,1,0
1999,39,9991,Pond,204599.29,28188,1.6,0.07,1,0
1999,40,9991,Pond,151080.72,30222.07,1.6,0.07,1,0
1999,41,9991,Pond,227582.39,45802.62,0.75,0.12,1,0
1999,42,9991,Pond,149758.32,29519.15,0.75,0.12,1,0
1999,43,9991,Pond,137529.99,26621.35,0.75,0.12,1,0
1999,44,9991,Pond,157426.96,27842.84,0.75,0.12,1,0
1999,45,9991,Pond,895502.64,227650.3,1.06,0.12,1,0
1999,46,9991,Pond,361253.19,44514.09,1.06,0.12,1,0
1999,47,9991,Pond,45608,11082.08,1.06,0.12,1,0
1999,48,9991,Pond,618143.23,81491.58,1.06,0.12,1,0
1999,49,9991,Pond,249444.72,30690.83,1.06,0.12,1,0
1999,75,9991,Pond,208982.02,27426.71,1.41,0.08,1,0
1999,76,9991,Pond,337234.95,36498.24,1.41,0.08,1,0
2000,26,9991,Pond,345900.56,48990.79,1.09,0.03,1,0
2000,27,9991,Pond,89314.43,12232.87,1.09,0.03,1,0
2000,28,9991,Pond,63062.86,4519.03,1.09,0.03,1,0
2000,29,9991,Pond,54848.99,9870.16,1.09,0.03,1,0
2000,30,9991,Pond,214416.74,24744.58,1.34,0.06,1,0
2000,31,9991,Pond,272858.69,43254.27,1.34,0.06,1,0
2000,32,9991,Pond,322492.99,29852.97,1.34,0.06,1,0
2000,33,9991,Pond,36606.53,6667.19,1.34,0.06,1,0
2000,34,9991,Pond,348144.2,40667.21,0.74,0.05,1,0
2000,35,9991,Pond,209191.5,24854.75,0.74,0.05,1,0
2000,36,9991,Pond,45551.3,7570.09,0.74,0.05,1,0
2000,37,9991,Pond,184021.92,19952.5,0.74,0.05,1,0
2000,38,9991,Pond,27547.9,7436.19,0.74,0.05,1,0
2000,39,9991,Pond,91284.65,12418.21,0.74,0.05,1,0
2000,40,9991,Pond,117250.25,14359.03,0.74,0.05,1,0
2000,41,9991,Pond,74557.01,9513.53,0.79,0.08,1,0
2000,42,9991,Pond,88048.29,11397.47,0.79,0.08,1,0
2000,43,9991,Pond,105067.58,14973.27,0.79,0.08,1,0
2000,44,9991,Pond,161298.54,24209.93,0.79,0.08,1,0
2000,45,9991,Pond,363216.1,41727.74,1.07,0.08,1,0
2000,46,9991,Pond,242361.86,42459.82,1.07,0.08,1,0
2000,47,9991,Pond,23614.88,12310.87,1.07,0.08,1,0
2000,48,9991,Pond,324730.3,69663.57,1.07,0.08,1,0
2000,49,9991,Pond,141555.46,19990.35,1.07,0.08,1,0
2000,75,9991,Pond,129010.93,11881.21,1.11,0.03,1,0
2000,76,9991,Pond,298153.28,16077.51,1.11,0.03,1,0
2001,26,9991,Pond,226432,20154.75,1.13,0.03,1,0
2001,27,9991,Pond,67555.6,7984.15,1.13,0.03,1,0
2001,28,9991,Pond,56584.58,4562.62,1.13,0.03,1,0
2001,29,9991,Pond,75129.57,18906.88,1.13,0.03,1,0
2001,30,9991,Pond,139687.36,37998.66,1.13,0.07,1,0
2001,31,9991,Pond,202364.56,46994.93,1.13,0.07,1,0
2001,32,9991,Pond,378873.97,42357.98,1.13,0.07,1,0
2001,33,9991,Pond,41980.94,8172.9,1.13,0.07,1,0
2001,34,9991,Pond,480083.47,54577.31,0.7,0.05,1,0
2001,35,9991,Pond,292752.35,23722.33,0.7,0.05,1,0
2001,36,9991,Pond,31051.86,10726.77,0.7,0.05,1,0
2001,37,9991,Pond,324705.24,47484.84,0.7,0.05,1,0
2001,38,9991,Pond,122896.15,19870.04,0.7,0.05,1,0
2001,39,9991,Pond,144000.56,19042.08,0.7,0.05,1,0
2001,40,9991,Pond,163107.74,18027.44,0.7,0.05,1,0
2001,41,9991,Pond,74226.38,9427.44,0.64,0.06,1,0
2001,42,9991,Pond,79742.91,13665.83,0.64,0.06,1,0
2001,43,9991,Pond,86249.16,10933.52,0.64,0.06,1,0
2001,44,9991,Pond,105348.3,14909.25,0.64,0.06,1,0
2001,45,9991,Pond,414928,55536.81,1.05,0.08,1,0
2001,46,9991,Pond,222100.86,21701.65,1.05,0.08,1,0
2001,47,9991,Pond,26879.5,7882.64,1.05,0.08,1,0
2001,48,9991,Pond,562902.49,53831.56,1.05,0.08,1,0
2001,49,9991,Pond,320860.85,35156.81,1.05,0.08,1,0
2001,75,9991,Pond,139584.01,14446.89,1.28,0.05,1,0
2001,76,9991,Pond,266435.03,14269.05,1.28,0.05,1,0
2002,26,9991,Pond,249378.57,25006.54,1.11,0.04,1,0
2002,27,9991,Pond,80101.9,11559.67,1.11,0.04,1,0
2002,28,9991,Pond,59886.76,6391.69,1.11,0.04,1,0
2002,29,9991,Pond,87492.61,25950.54,1.11,0.04,1,0
2002,30,9991,Pond,72857.66,21201.25,1.05,0.03,1,0
2002,31,9991,Pond,127377.19,17265.64,1.05,0.03,1,0
2002,32,9991,Pond,193791.79,36671.42,1.05,0.03,1,0
2002,33,9991,Pond,68500.16,16456.91,1.05,0.03,1,0
2002,34,9991,Pond,157284.14,44763.88,1.05,0.06,1,0
2002,35,9991,Pond,15108.21,13689.5,1.05,0.06,1,0
2002,36,9991,Pond,64380.86,49138.22,,,,1
2002,37,9991,Pond,77842.37,44635.23,1.05,0.06,1,0
2002,38,9991,Pond,45848.51,9624.39,1.05,0.06,1,0
2002,39,9991,Pond,51971.78,10470.76,1.05,0.06,1,0
2002,40,9991,Pond,87152.83,19643.55,1.05,0.06,1,0
2002,41,9991,Pond,71276.72,10271.35,0.67,0.08,1,0
2002,42,9991,Pond,93433.57,13549.34,0.67,0.08,1,0
2002,43,9991,Pond,96414.8,12547.64,0.67,0.08,1,0
2002,44,9991,Pond,85947.35,18426.12,0.67,0.08,1,0
2002,45,9991,Pond,373715.6,45490.58,1.21,0.06,1,0
2002,46,9991,Pond,192462.91,16621.35,1.21,0.06,1,0
2002,47,9991,Pond,19888.76,5506.62,1.21,0.06,1,0
2002,48,9991,Pond,204107.73,21380.06,1.21,0.06,1,0
2002,49,9991,Pond,143802.24,20088.28,1.21,0.06,1,0
2002,75,9991,Pond,184757.06,19144.1,1.18,0.05,1,0
2002,76,9991,Pond,387762.78,39287.89,1.18,0.05,1,0
2003,26,9991,Pond,384054,53189.29,1.17,0.04,1,0
2003,27,9991,Pond,167198.07,17518.15,1.17,0.04,1,0
2003,28,9991,Pond,159492.67,10421.37,1.17,0.04,1,0
2003,29,9991,Pond,177654.65,23634.13,1.17,0.04,1,0
2003,30,9991,Pond,136836.9,28101.26,1.09,0.08,1,0
2003,31,9991,Pond,275467.82,62445.08,1.09,0.08,1,0
2003,32,9991,Pond,851095.89,94816.53,1.09,0.08,1,0
2003,33,9991,Pond,258746.37,45538.48,1.09,0.08,1,0
2003,34,9991,Pond,333625.08,39571.73,1.49,0.11,1,
2003,35,9991,Pond,287200.58,33842.24,1.49,0.11,1,
2003,36,9991,Pond,43958.76,6122.31,1.49,0.11,1,
2003,37,9991,Pond,143102.09,12843.87,1.49,0.11,1,
2003,38,9991,Pond,59635.72,13248.67,1.49,0.11,1,
2003,39,9991,Pond,140291.5,12457.92,1.49,0.11,1,
2003,40,9991,Pond,103928.1,15989.47,1.49,0.11,1,
2003,41,9991,Pond,136433.03,18324.61,0.83,0.05,1,0
2003,42,9991,Pond,124414.31,14002.53,0.83,0.05,1,0
2003,43,9991,Pond,107037.71,10761.84,0.83,0.05,1,0
2003,44,9991,Pond,111870.09,10756.11,0.83,0.05,1,0
2003,45,9991,Pond,499405.08,45178.11,1.1,0.02,1,0
2003,46,9991,Pond,277124.59,8215.2,1.1,0.02,1,0
2003,47,9991,Pond,49484.58,12282.26,1.1,0.02,1,0
2003,48,9991,Pond,240669.93,37008.92,1.1,0.02,1,0
2003,49,9991,Pond,121367.3,12059.39,1.1,0.02,1,0
2003,75,9991,Pond,181040.84,19213.07,1.2,0.03,1,0
2003,76,9991,Pond,335986.82,22133.93,1.2,0.03,1,0
2004,26,9991,Pond,270952.46,50904.05,1.15,0.05,1,
2004,27,9991,Pond,61827.1,9611.05,1.15,0.05,1,
2004,28,9991,Pond,97647.7,11069.7,1.15,0.05,1,
2004,29,9991,Pond,80278.19,9169.43,1.15,0.05,1,
2004,30,9991,Pond,148150.97,23356.03,0.96,0.05,1,
2004,31,9991,Pond,277817.23,70243.01,0.96,0.05,1,
2004,32,9991,Pond,372214.61,43762.73,0.96,0.05,1,
2004,33,9991,Pond,156774.92,30944.58,0.96,0.05,1,
2004,34,9991,Pond,281581.56,57096.68,0.8,0.06,1,
2004,35,9991,Pond,224794.42,36428.01,0.8,0.06,1,
2004,36,9991,Pond,47008.21,7005.86,0.8,0.06,1,
2004,37,9991,Pond,219876.98,27651.23,0.8,0.06,1,
2004,38,9991,Pond,32325.6,7492.77,0.8,0.06,1,
2004,39,9991,Pond,126837.74,16798.24,0.8,0.06,1,
2004,40,9991,Pond,114520.09,13246.17,0.8,0.06,1,
2004,41,9991,Pond,161455.69,21592.25,1.14,0.11,1,
2004,42,9991,Pond,135831.15,19687.04,1.14,0.11,1,
2004,43,9991,Pond,159320.02,21045.24,1.14,0.11,1,
2004,44,9991,Pond,140789.22,20664.77,1.14,0.11,1,
2004,45,9991,Pond,455388.09,88125.88,0.99,0.08,1,
2004,46,9991,Pond,163802.09,20637.87,0.99,0.08,1,
2004,47,9991,Pond,26004.98,6268.62,0.99,0.08,1,
2004,48,9991,Pond,100127.08,18083.82,0.99,0.08,1,
2004,49,9991,Pond,64270.2,7984.67,0.99,0.08,1,
2004,75,9991,Pond,172733.61,13313.14,1,0.03,1,
2004,76,9991,Pond,329338.43,15421.5,1,0.03,1,
2005,26,9991,Pond,539557.27,67413.34,0.77,0.02,1,
2005,27,9991,Pond,98247.62,21405.77,0.77,0.02,1,
2005,28,9991,Pond,52991.78,3580.76,0.77,0.02,1,
2005,29,9991,Pond,59577.19,10073.4,0.77,0.02,1,
2005,30,9991,Pond,411543.4,42233.22,0.86,0.03,1,
2005,31,9991,Pond,527635.42,144845.1,0.86,0.03,1,
2005,32,9991,Pond,550856.61,49339.3,0.86,0.03,1,
2005,33,9991,Pond,115678.5,22078.87,0.86,0.03,1,
2005,34,9991,Pond,528009.67,67337.99,0.68,0.03,1,
2005,35,9991,Pond,281204.11,28101.73,0.68,0.03,1,
2005,36,9991,Pond,56798.07,22592.5,0.68,0.03,1,
2005,37,9991,Pond,312438.35,30210.23,0.68,0.03,1,
2005,38,9991,Pond,38400.42,6814.14,0.68,0.03,1,
2005,39,9991,Pond,139300.19,24492.37,0.68,0.03,1,
2005,40,9991,Pond,208307.36,22028.18,0.68,0.03,1,
2005,41,9991,Pond,187913.73,30265.27,1.05,0.14,1,
2005,42,9991,Pond,185127.24,28558.77,1.05,0.14,1,
2005,43,9991,Pond,184742.55,35560.55,1.05,0.14,1,
2005,44,9991,Pond,105162.3,16668.8,1.05,0.14,1,
2005,45,9991,Pond,373190.54,45951.18,1.06,0.06,1,
2005,46,9991,Pond,174945.1,15905.52,1.06,0.06,1,
2005,47,9991,Pond,28235.02,11240.8,1.06,0.06,1,
2005,48,9991,Pond,128973.15,18029.41,1.06,0.06,1,
2005,49,9991,Pond,92411.6,15961.68,1.06,0.06,1,
2005,75,9991,Pond,278715.91,41608.8,0.75,0.06,1,
2005,76,9991,Pond,301756.86,27554.88,0.75,0.06,1,
2006,26,9991,Pond,539786.6,66412.52,0.75,0.02,1,0
2006,27,9991,Pond,165210.64,22825.82,0.75,0.02,1,0
2006,28,9991,Pond,170624.47,17619.13,0.75,0.02,1,0
2006,29,9991,Pond,120207.74,28267,0.75,0.02,1,0
2006,30,9991,Pond,456112.24,51244.26,0.77,0.03,1,0
2006,31,9991,Pond,624197.11,147616.36,0.77,0.03,1,0
2006,32,9991,Pond,636964.35,80562.41,0.77,0.03,1,0
2006,33,9991,Pond,87593.28,14927.72,0.77,0.03,1,0
2006,34,9991,Pond,653892.99,82003.83,0.66,0.04,1,0
2006,35,9991,Pond,260190.78,29106.94,0.66,0.04,1,0
2006,36,9991,Pond,77004.53,11780.78,0.66,0.04,1,0
2006,37,9991,Pond,262458.43,56503.38,0.66,0.04,1,0
2006,38,9991,Pond,59072.38,5632.48,0.66,0.04,1,0
2006,39,9991,Pond,185932.76,21827.02,0.66,0.04,1,0
2006,40,9991,Pond,150294.82,21449.54,0.66,0.04,1,0
2006,41,9991,Pond,148073.58,19011.06,1.13,0.12,1,0
2006,42,9991,Pond,153281.76,23087.72,1.13,0.12,1,0
2006,43,9991,Pond,125488.2,19161.6,1.13,0.12,1,0
2006,44,9991,Pond,187866.16,29434.73,1.13,0.12,1,0
2006,45,9991,Pond,412520.69,48497.39,1.07,0.06,1,0
2006,46,9991,Pond,225161.03,28498.85,1.07,0.06,1,0
2006,47,9991,Pond,48324.01,20615.61,1.07,0.06,1,0
2006,48,9991,Pond,201210.06,30550.87,1.07,0.06,1,0
2006,49,9991,Pond,142464.46,25514.34,1.07,0.06,1,0
2006,75,9991,Pond,216067.92,32280.13,0.76,0.03,1,0
2006,76,9991,Pond,272369.39,16438.82,0.76,0.03,1,0
2007,26,9991,Pond,524873.9551,117247.1075,1.16805,0.0949169,1,0
2007,27,9991,Pond,323372.4485,68757.5231,1.16805,0.0949169,1,0
2007,28,9991,Pond,253076.5957,59522.92173,1.16805,0.0949169,1,0
2007,29,9991,Pond,124028.1031,23779.66228,1.16805,0.0949169,1,0
2007,30,9991,Pond,477293.6083,52554.61762,0.907675,0.0455682,1,0
2007,31,9991,Pond,1076680.743,165832.2107,0.907675,0.0455682,1,0
2007,32,9991,Pond,600079.0438,66379.48632,0.907675,0.0455682,1,0
2007,33,9991,Pond,144894.6453,17584.95112,0.907675,0.0455682,1,0
2007,34,9991,Pond,488059.4018,72515.81301,0.961001,0.0826903,1,0
2007,35,9991,Pond,213294.7217,22986.92153,0.961001,0.0826903,1,0
2007,36,9991,Pond,134038.1569,20810.05585,0.961001,0.0826903,1,0
2007,37,9991,Pond,363365.4368,63869.04127,0.961001,0.0826903,1,0
2007,38,9991,Pond,39633.75523,7528.395548,0.961001,0.0826903,1,0
2007,39,9991,Pond,110971.8809,16269.86144,0.961001,0.0826903,1,0
2007,40,9991,Pond,166557.3009,19223.6115,0.961001,0.0826903,1,0
2007,41,9991,Pond,223502.3617,31231.62685,0.729258,0.093096,1,0
2007,42,9991,Pond,251241.1446,44528.78672,0.729258,0.093096,1,0
2007,43,9991,Pond,142704.7596,26222.48317,0.729258,0.093096,1,0
2007,44,9991,Pond,122237.5371,40495.11556,0.729258,0.093096,1,0
2007,45,9991,Pond,336168.0407,46538.17834,1.03041,0.0745324,1,0
2007,46,9991,Pond,248581.8835,34433.12426,1.03041,0.0745324,1,0
2007,47,9991,Pond,33844.02096,10002.05474,1.03041,0.0745324,1,0
2007,48,9991,Pond,394744.7605,36549.86506,1.03041,0.0745324,1,0
2007,49,9991,Pond,209489.8671,20907.84213,1.03041,0.0745324,1,0
2007,75,9991,Pond,237312.8511,50885.83804,1.40849,0.083643,1,0
2007,76,9991,Pond,411821.751,45593.0243,1.40849,0.083643,1,0
2008,26,9991,Pond,525585,63413,1.27,0.07,1,0
2008,27,9991,Pond,123835,11082,1.27,0.07,1,0
2008,28,9991,Pond,87338,10390,1.27,0.07,1,0
2008,29,9991,Pond,111987,20655,1.27,0.07,1,0
2008,30,9991,Pond,422393,55674,1.05,0.04,1,0
2008,31,9991,Pond,382709,74647,1.05,0.04,1,0
2008,32,9991,Pond,251415,44262,1.05,0.04,1,0
2008,33,9991,Pond,51422,12680,1.05,0.04,1,0
2008,34,9991,Pond,381112,63647,0.99,0.03,1,0
2008,35,9991,Pond,119297,21917,0.99,0.03,1,0
2008,36,9991,Pond,71814,12444,0.99,0.03,1,0
2008,37,9991,Pond,265560,36678,0.99,0.03,1,0
2008,38,9991,Pond,37255,6769,0.99,0.03,1,0
2008,39,9991,Pond,69089,11453,0.99,0.03,1,0
2008,40,9991,Pond,153971,11025,0.99,0.03,1,0
2008,41,9991,Pond,100644,11892,1.24,0.14,1,0
2008,42,9991,Pond,173487,29591,1.24,0.14,1,0
2008,43,9991,Pond,89810,13452,1.24,0.14,1,0
2008,44,9991,Pond,167458,25194,1.24,0.14,1,0
2008,45,9991,Pond,185740,34836,1.02,0.09,1,0
2008,46,9991,Pond,138810,18840,1.02,0.09,1,0
2008,47,9991,Pond,16425,4803,1.02,0.09,1,0
2008,48,9991,Pond,244991,30267,1.02,0.09,1,0
2008,49,9991,Pond,259231,28779,1.02,0.09,1,0
2008,75,9991,Pond,232533,35578,1.24,0.06,1,0
2008,76,9991,Pond,351986,31191,1.24,0.06,1,0
2009,26,9991,Pond,346492,38628,1.46,0.09,1,0
2009,27,9991,Pond,95757,8519,1.46,0.09,1,0
2009,28,9991,Pond,107409,9980,1.46,0.09,1,0
2009,29,9991,Pond,137018,38428,1.46,0.09,1,0
2009,30,9991,Pond,328293,49396,1.08,0.05,1,0
2009,31,9991,Pond,437833,93000,1.08,0.05,1,0
2009,32,9991,Pond,640724,58497,1.08,0.05,1,0
2009,33,9991,Pond,109183,21876,1.08,0.05,1,0
2009,34,9991,Pond,415188,50756,0.62,0.03,1,0
2009,35,9991,Pond,279243,18799,0.62,0.03,1,0
2009,36,9991,Pond,29546,5053,0.62,0.03,1,0
2009,37,9991,Pond,323996,17853,0.62,0.03,1,0
2009,38,9991,Pond,44435,3379,0.62,0.03,1,0
2009,39,9991,Pond,126378,13230,0.62,0.03,1,0
2009,40,9991,Pond,146565,17560,0.62,0.03,1,0
2009,41,9991,Pond,329785,50536,0.76,0.1,1,0
2009,42,9991,Pond,263223,46545,0.76,0.1,1,0
2009,43,9991,Pond,185605,28782,0.76,0.1,1,0
2009,44,9991,Pond,255191,37962,0.76,0.1,1,0
2009,45,9991,Pond,738039,52493,0.82,0.03,1,0
2009,46,9991,Pond,360815,21545,0.82,0.03,1,0
2009,47,9991,Pond,158241,46013,0.82,0.03,1,0
2009,48,9991,Pond,394975,49412,0.82,0.03,1,0
2009,49,9991,Pond,180075,19409,0.82,0.03,1,0
2009,75,9991,Pond,216477,35781,1.71,0.12,1,0
2009,76,9991,Pond,317857,26888,1.71,0.12,1,0
2010,26,9991,Pond,245872,22780,1.18,0.08,1,
2010,27,9991,Pond,93710,6936,1.18,0.08,1,
2010,28,9991,Pond,132128,14315,1.18,0.08,1,
2010,29,9991,Pond,206651,24155,1.18,0.08,1,
2010,30,9991,Pond,244447,31413,1.09,0.09,1,
2010,31,9991,Pond,761893,152581,1.09,0.09,1,
2010,32,9991,Pond,766013,93085,1.09,0.09,1,
2010,33,9991,Pond,189975,51767,1.09,0.09,1,
2010,34,9991,Pond,539068,57801,0.65,0.04,1,
2010,35,9991,Pond,166660,21012,0.65,0.04,1,
2010,36,9991,Pond,19728,4656,0.65,0.04,1,
2010,37,9991,Pond,105458,7066,0.65,0.04,1,
2010,38,9991,Pond,67179,15706,0.65,0.04,1,
2010,39,9991,Pond,91406,10018,0.65,0.04,1,
2010,40,9991,Pond,98506,13567,0.65,0.04,1,
2010,41,9991,Pond,113966,20621,0.77,0.09,1,
2010,42,9991,Pond,109454,15958,0.77,0.09,1,
2010,43,9991,Pond,127436,16672,0.77,0.09,1,
2010,44,9991,Pond,244062,38087,0.77,0.09,1,
2010,45,9991,Pond,865217,85891,0.93,0.08,1,
2010,46,9991,Pond,442966,42090,0.93,0.08,1,
2010,47,9991,Pond,112256,26283,0.93,0.08,1,
2010,48,9991,Pond,665337,83748,0.93,0.08,1,
2010,49,9991,Pond,255648,31261,0.93,0.08,1,
2010,75,9991,Pond,165335,20039,1.49,0.09,1,
2010,76,9991,Pond,278852,18105,1.49,0.09,1,
2011,26,9991,Pond,485855,61385,0.98,0.04,1,
2011,27,9991,Pond,209769,27562,0.98,0.04,1,
2011,28,9991,Pond,154782,19398,0.98,0.04,1,
2011,29,9991,Pond,235202,59652,0.98,0.04,1,
2011,30,9991,Pond,455751,61005,0.92,0.05,1,
2011,31,9991,Pond,586465,129139,0.92,0.05,1,
2011,32,9991,Pond,924670,57422,0.92,0.05,1,
2011,33,9991,Pond,227698,29240,0.92,0.05,1,
2011,34,9991,Pond,580653,53723,0.86,0.05,1,
2011,35,9991,Pond,375711,36993,0.86,0.05,1,
2011,36,9991,Pond,55937,9317,0.92,0.05,1,
2011,37,9991,Pond,192078,27578,0.86,0.05,1,
2011,38,9991,Pond,63388,7229,0.86,0.05,1,
2011,39,9991,Pond,194771,21672,0.86,0.05,1,
2011,40,9991,Pond,150002,19272,0.86,0.05,1,
2011,41,9991,Pond,260639,35282,1.37,0.14,1,
2011,42,9991,Pond,232384,27346,1.37,0.14,1,
2011,43,9991,Pond,214842,35338,1.37,0.14,1,
2011,44,9991,Pond,260726,34657,1.37,0.14,1,
2011,45,9991,Pond,871934,75497,1.47,0.07,1,
2011,46,9991,Pond,462497,28546,1.47,0.07,1,
2011,47,9991,Pond,55493,14810,1.47,0.07,1,
2011,48,9991,Pond,664404,66126,1.47,0.07,1,
2011,49,9991,Pond,216576,25936,1.47,0.07,1,
2011,75,9991,Pond,145043,15157,1.17,0.05,1,
2011,76,9991,Pond,278038,16040,1.17,0.05,1,
2012,26,9991,Pond,421176,35880,1.61,0.06,1,
2012,27,9991,Pond,143670,22271,1.61,0.06,1,
2012,28,9991,Pond,107654,14931,1.61,0.06,1,
2012,29,9991,Pond,134028,17600,1.61,0.06,1,
2012,30,9991,Pond,317751,33444,0.99,0.05,1,
2012,31,9991,Pond,392778,74437,0.99,0.05,1,
2012,32,9991,Pond,880236,72718,0.99,0.05,1,
2012,33,9991,Pond,135196,15801,0.99,0.05,1,
2012,34,9991,Pond,590340,71955,0.72,0.04,1,
2012,35,9991,Pond,361262,25912,0.72,0.04,1,
2012,36,9991,Pond,22828,5724,0.72,0.04,1,
2012,37,9991,Pond,119516,15837,0.72,0.04,1,
2012,38,9991,Pond,23823,3298,0.72,0.04,1,
2012,39,9991,Pond,120849,26039,0.72,0.04,1,
2012,40,9991,Pond,114005,10699,0.72,0.04,1,
2012,41,9991,Pond,101255,9597,0.83,0.05,1,
2012,42,9991,Pond,97558,10107,0.83,0.05,1,
2012,43,9991,Pond,115467,17845,0.83,0.05,1,
2012,44,9991,Pond,113476,8657,0.83,0.05,1,
2012,45,9991,Pond,462720,25058,1.31,0.04,1,
2012,46,9991,Pond,272433,16679,1.31,0.04,1,
2012,47,9991,Pond,24720,12326,1.31,0.04,1,
2012,48,9991,Pond,331966,26655,1.31,0.04,1,
2012,49,9991,Pond,139262,20418,1.31,0.04,1,
2012,75,9991,Pond,122690,14182,1.2,0.04,HA,
2012,76,9991,Pond,212534,8342,1.2,0.04,HA,
2013,26,9991,Pond,631385,66670,1.06,0.06,1,0
2013,27,9991,Pond,219067,12709,1.06,0.06,1,0
2013,28,9991,Pond,157948,36622,1.06,0.06,1,0
2013,29,9991,Pond,118100,24286,1.06,0.06,1,0
2013,30,9991,Pond,547969,84304,0.95,0.05,1,0
2013,31,9991,Pond,459849,86150,0.95,0.05,1,0
2013,32,9991,Pond,888564,81116,0.95,0.05,1,0
2013,33,9991,Pond,99533,10576,0.95,0.05,1,0
2013,34,9991,Pond,511762,68629,1.07,0.05,1,0
2013,35,9991,Pond,338206,27984,1.07,0.05,1,0
2013,36,9991,Pond,35970,9414,0.95,0.05,1,0
2013,37,9991,Pond,196320,17733,1.07,0.05,1,0
2013,38,9991,Pond,44812,5791,1.07,0.05,1,0
2013,39,9991,Pond,157479,12081,1.07,0.05,1,0
2013,40,9991,Pond,143562,23718,1.07,0.05,1,0
2013,41,9991,Pond,120597,13927,0.91,0.05,1,0
2013,42,9991,Pond,88048,9367,0.91,0.05,1,0
2013,43,9991,Pond,102696,11190,0.91,0.05,1,0
2013,44,9991,Pond,71407,9108,0.91,0.05,1,0
2013,45,9991,Pond,980660,73162,1.91,0.12,1,0
2013,46,9991,Pond,414367,36252,1.91,0.12,1,0
2013,47,9991,Pond,41478,9260,1.91,0.12,1,0
2013,48,9991,Pond,340728,33164,1.91,0.12,1,0
2013,49,9991,Pond,181195,38180,1.91,0.12,1,0
2013,75,9991,Pond,208780,38116,1.2,0.04,HA,0
2013,76,9991,Pond,300517,14392,1.2,0.04,HA,0
2014,26,9991,Pond,621016,56052,1.09,0.05,1,
2014,27,9991,Pond,217032,14551,1.09,0.05,1,
2014,28,9991,Pond,177836,18341,1.09,0.05,1,
2014,29,9991,Pond,202551,49296,1.09,0.05,1,
2014,30,9991,Pond,491388,44244,1.04,0.05,1,
2014,31,9991,Pond,405130,82053,1.04,0.05,1,
2014,32,9991,Pond,867290,68673,1.04,0.05,1,
2014,33,9991,Pond,123776,9328,1.04,0.05,1,
2014,34,9991,Pond,489857,61547,0.9,0.07,1,
2014,35,9991,Pond,366144,50055,0.9,0.07,1,
2014,36,9991,Pond,39537,5378,0.9,0.07,1,
2014,37,9991,Pond,243717,27192,0.9,0.07,1,
2014,38,9991,Pond,40191,3872,0.9,0.07,1,
2014,39,9991,Pond,211973,37198,0.9,0.07,1,
2014,40,9991,Pond,132451,15748,0.9,0.07,1,
2014,41,9991,Pond,242314,29207,2.12,0.16,1,
2014,42,9991,Pond,231940,22665,2.12,0.16,1,
2014,43,9991,Pond,200899,29738,2.12,0.16,1,
2014,44,9991,Pond,290479,35731,2.12,0.16,1,
2014,45,9991,Pond,671970,62434,1.54,0.07,1,
2014,46,9991,Pond,394886,26816,1.54,0.07,1,
2014,47,9991,Pond,36761,14251,1.54,0.07,1,
2014,48,9991,Pond,322639,42989,1.54,0.07,1,
2014,49,9991,Pond,159415,33973,1.54,0.07,1,
2014,75,9991,Pond,236667,31149,1.2,0.04,HA,
2014,76,9991,Pond,467344,20417,1.2,0.04,HA,
2015,26,9991,Pond,602328,55061,1.46,0.06,1,
2015,27,9991,Pond,178291,22178,1.46,0.06,1,
2015,28,9991,Pond,124503,12180,1.46,0.06,1,
2015,29,9991,Pond,117447,15612,1.46,0.06,1,
2015,30,9991,Pond,356857,32527,1.25,0.05,1,
2015,31,9991,Pond,397514,70897,1.25,0.05,1,
2015,32,9991,Pond,770225,66137,1.25,0.05,1,
2015,33,9991,Pond,106691,7611,1.25,0.05,1,
2015,34,9991,Pond,597424,69467,0.99,0.04,1,
2015,35,9991,Pond,342781,23073,0.99,0.04,1,
2015,36,9991,Pond,38671,8166,0.99,0.04,1,
2015,37,9991,Pond,167806,11471,0.99,0.04,1,
2015,38,9991,Pond,37532,3785,0.99,0.04,1,
2015,39,9991,Pond,166009,31762,0.99,0.04,1,
2015,40,9991,Pond,146896,19585,0.99,0.04,1,
2015,41,9991,Pond,254084,22416,2.13,0.17,1,
2015,42,9991,Pond,222259,22633,2.13,0.17,1,
2015,43,9991,Pond,214281,21731,2.13,0.17,1,
2015,44,9991,Pond,219224,28951,2.13,0.17,1,
2015,45,9991,Pond,556741,52387,1.5,0.1,1,
2015,46,9991,Pond,323984,23741,1.5,0.1,1,
2015,47,9991,Pond,27859,6046,1.5,0.1,1,
2015,48,9991,Pond,215927,35382,1.5,0.1,1,
2015,49,9991,Pond,122391,21807,1.5,0.1,1,
2015,75,9991,Pond,135481,17366,1.2,0.04,PY,
2015,76,9991,Pond,231387,13649,1.2,0.04,PY,
