AOU,Species,Season,FWNo,Flyway,AgeCode,Age,SexCode,Sex,Harvest_estimate,Number_parts
1460,REDH,1961,1,AF,1,A,4,M,29,1
1460,REDH,1961,1,AF,1,A,5,F,382,2
1460,REDH,1961,1,AF,2,I,5,F,373,4
1460,REDH,1961,2,MF,0,U,0,U,103,1
1460,REDH,1961,2,MF,1,A,4,M,140,1
1460,REDH,1961,2,MF,1,A,5,F,269,4
1460,REDH,1961,2,MF,2,I,4,M,486,4
1460,REDH,1961,2,MF,2,I,5,F,694,5
1460,REDH,1961,3,CF,0,U,0,U,460,3
1460,REDH,1961,3,CF,1,A,4,M,129,2
1460,REDH,1961,3,CF,1,A,5,F,576,9
1460,REDH,1961,3,CF,2,I,0,U,258,1
1460,REDH,1961,3,CF,2,I,4,M,472,4
1460,REDH,1961,3,CF,2,I,5,F,471,7
1460,REDH,1961,4,PF,0,U,0,U,129,1
1460,REDH,1961,4,PF,0,U,5,F,129,1
1460,REDH,1961,4,PF,1,A,5,F,664,6
1460,REDH,1961,4,PF,2,I,4,M,540,2
1460,REDH,1961,4,PF,2,I,5,F,2293,11
1460,REDH,1962,1,AF,0,U,5,F,67,1
1460,REDH,1962,1,AF,1,A,5,F,202,3
1460,REDH,1962,1,AF,2,I,4,M,31,1
1460,REDH,1962,1,AF,2,I,5,F,250,5
1460,REDH,1962,2,MF,1,A,0,U,100,1
1460,REDH,1962,2,MF,1,A,4,M,57,1
1460,REDH,1962,2,MF,1,A,5,F,48,1
1460,REDH,1962,2,MF,2,I,4,M,787,15
1460,REDH,1962,2,MF,2,I,5,F,1313,23
1460,REDH,1962,3,CF,1,A,5,F,136,3
1460,REDH,1962,3,CF,2,I,4,M,209,4
1460,REDH,1962,3,CF,2,I,5,F,861,17
1460,REDH,1962,4,PF,0,U,0,U,178,2
1460,REDH,1962,4,PF,0,U,5,F,128,1
1460,REDH,1962,4,PF,1,A,4,M,170,2
1460,REDH,1962,4,PF,1,A,5,F,355,5
1460,REDH,1962,4,PF,2,I,0,U,29,1
1460,REDH,1962,4,PF,2,I,4,M,1327,13
1460,REDH,1962,4,PF,2,I,5,F,1956,24
1460,REDH,1963,1,AF,0,U,0,U,29,1
1460,REDH,1963,1,AF,0,U,4,M,68,1
1460,REDH,1963,1,AF,0,U,5,F,68,1
1460,REDH,1963,1,AF,1,A,5,F,274,5
1460,REDH,1963,1,AF,2,I,0,U,104,1
1460,REDH,1963,1,AF,2,I,4,M,262,3
1460,REDH,1963,1,AF,2,I,5,F,699,12
1460,REDH,1963,2,MF,0,U,0,U,34,1
1460,REDH,1963,2,MF,1,A,4,M,105,1
1460,REDH,1963,2,MF,1,A,5,F,434,6
1460,REDH,1963,2,MF,2,I,4,M,1183,17
1460,REDH,1963,2,MF,2,I,5,F,2503,27
1460,REDH,1963,3,CF,0,U,0,U,142,3
1460,REDH,1963,3,CF,0,U,5,F,99,1
1460,REDH,1963,3,CF,1,A,4,M,209,2
1460,REDH,1963,3,CF,1,A,5,F,408,7
1460,REDH,1963,3,CF,2,I,4,M,405,6
1460,REDH,1963,3,CF,2,I,5,F,2377,41
1460,REDH,1963,4,PF,0,U,0,U,582,6
1460,REDH,1963,4,PF,0,U,5,F,209,2
1460,REDH,1963,4,PF,1,A,4,M,115,1
1460,REDH,1963,4,PF,1,A,5,F,1012,8
1460,REDH,1963,4,PF,2,I,4,M,1708,22
1460,REDH,1963,4,PF,2,I,5,F,4725,47
1460,REDH,1964,1,AF,0,U,0,U,166,3
1460,REDH,1964,1,AF,0,U,5,F,70,2
1460,REDH,1964,1,AF,1,A,4,M,3939,85
1460,REDH,1964,1,AF,1,A,5,F,1925,41
1460,REDH,1964,1,AF,2,I,4,M,1490,31
1460,REDH,1964,1,AF,2,I,5,F,1868,35
1460,REDH,1964,2,MF,0,U,0,U,2526,22
1460,REDH,1964,2,MF,0,U,4,M,408,2
1460,REDH,1964,2,MF,0,U,5,F,712,5
1460,REDH,1964,2,MF,1,A,4,M,8798,111
1460,REDH,1964,2,MF,1,A,5,F,9289,85
1460,REDH,1964,2,MF,2,I,0,U,72,1
1460,REDH,1964,2,MF,2,I,4,M,12133,113
1460,REDH,1964,2,MF,2,I,5,F,12664,115
1460,REDH,1964,3,CF,0,U,0,U,766,21
1460,REDH,1964,3,CF,0,U,4,M,199,4
1460,REDH,1964,3,CF,0,U,5,F,293,6
1460,REDH,1964,3,CF,1,A,4,M,8947,159
1460,REDH,1964,3,CF,1,A,5,F,6398,115
1460,REDH,1964,3,CF,2,I,0,U,36,1
1460,REDH,1964,3,CF,2,I,4,M,7638,131
1460,REDH,1964,3,CF,2,I,5,F,8740,157
1460,REDH,1964,4,PF,0,U,0,U,616,10
1460,REDH,1964,4,PF,0,U,4,M,215,1
1460,REDH,1964,4,PF,0,U,5,F,355,4
1460,REDH,1964,4,PF,1,A,4,M,6627,96
1460,REDH,1964,4,PF,1,A,5,F,3539,60
1460,REDH,1964,4,PF,2,I,4,M,8250,146
1460,REDH,1964,4,PF,2,I,5,F,8310,128
1460,REDH,1965,1,AF,0,U,0,U,968,17
1460,REDH,1965,1,AF,1,A,4,M,3872,75
1460,REDH,1965,1,AF,1,A,5,F,1809,34
1460,REDH,1965,1,AF,2,I,4,M,3807,76
1460,REDH,1965,1,AF,2,I,5,F,3740,75
1460,REDH,1965,2,MF,0,U,0,U,3324,14
1460,REDH,1965,2,MF,0,U,4,M,206,1
1460,REDH,1965,2,MF,0,U,5,F,685,4
1460,REDH,1965,2,MF,1,A,4,M,7505,41
1460,REDH,1965,2,MF,1,A,5,F,9209,40
1460,REDH,1965,2,MF,2,I,4,M,26567,123
1460,REDH,1965,2,MF,2,I,5,F,18405,94
1460,REDH,1965,3,CF,0,U,0,U,1253,17
1460,REDH,1965,3,CF,0,U,4,M,42,1
1460,REDH,1965,3,CF,0,U,5,F,463,3
1460,REDH,1965,3,CF,1,A,0,U,42,1
1460,REDH,1965,3,CF,1,A,4,M,9004,80
1460,REDH,1965,3,CF,1,A,5,F,7934,62
1460,REDH,1965,3,CF,2,I,4,M,29659,230
1460,REDH,1965,3,CF,2,I,5,F,19174,171
1460,REDH,1965,4,PF,0,U,0,U,1199,11
1460,REDH,1965,4,PF,0,U,4,M,336,2
1460,REDH,1965,4,PF,0,U,5,F,625,5
1460,REDH,1965,4,PF,1,A,4,M,4578,41
1460,REDH,1965,4,PF,1,A,5,F,3630,32
1460,REDH,1965,4,PF,2,I,0,U,55,1
1460,REDH,1965,4,PF,2,I,4,M,17049,150
1460,REDH,1965,4,PF,2,I,5,F,12301,125
1460,REDH,1966,1,AF,0,U,0,U,230,4
1460,REDH,1966,1,AF,0,U,4,M,241,1
1460,REDH,1966,1,AF,0,U,5,F,67,1
1460,REDH,1966,1,AF,1,A,4,M,7549,67
1460,REDH,1966,1,AF,1,A,5,F,1672,23
1460,REDH,1966,1,AF,2,I,4,M,5824,63
1460,REDH,1966,1,AF,2,I,5,F,5628,73
1460,REDH,1966,2,MF,0,U,0,U,2858,15
1460,REDH,1966,2,MF,0,U,4,M,1611,7
1460,REDH,1966,2,MF,0,U,5,F,342,1
1460,REDH,1966,2,MF,1,A,4,M,11246,84
1460,REDH,1966,2,MF,1,A,5,F,9043,57
1460,REDH,1966,2,MF,2,I,0,U,425,2
1460,REDH,1966,2,MF,2,I,4,M,35759,181
1460,REDH,1966,2,MF,2,I,5,F,34752,172
1460,REDH,1966,3,CF,0,U,0,U,3325,55
1460,REDH,1966,3,CF,0,U,4,M,102,1
1460,REDH,1966,3,CF,0,U,5,F,549,3
1460,REDH,1966,3,CF,1,A,4,M,12427,86
1460,REDH,1966,3,CF,1,A,5,F,7646,54
1460,REDH,1966,3,CF,2,I,0,U,252,1
1460,REDH,1966,3,CF,2,I,4,M,22216,168
1460,REDH,1966,3,CF,2,I,5,F,28129,202
1460,REDH,1966,4,PF,0,U,0,U,672,6
1460,REDH,1966,4,PF,0,U,4,M,224,1
1460,REDH,1966,4,PF,0,U,5,F,746,4
1460,REDH,1966,4,PF,1,A,4,M,3707,33
1460,REDH,1966,4,PF,1,A,5,F,3789,31
1460,REDH,1966,4,PF,2,I,4,M,9749,66
1460,REDH,1966,4,PF,2,I,5,F,8461,63
1460,REDH,1967,1,AF,0,U,0,U,1081,14
1460,REDH,1967,1,AF,1,A,4,M,4260,54
1460,REDH,1967,1,AF,1,A,5,F,2135,26
1460,REDH,1967,1,AF,2,I,4,M,3434,43
1460,REDH,1967,1,AF,2,I,5,F,3522,46
1460,REDH,1967,2,MF,0,U,0,U,10981,46
1460,REDH,1967,2,MF,0,U,5,F,359,1
1460,REDH,1967,2,MF,1,A,4,M,21032,119
1460,REDH,1967,2,MF,1,A,5,F,14739,77
1460,REDH,1967,2,MF,2,I,4,M,21385,103
1460,REDH,1967,2,MF,2,I,5,F,23150,101
1460,REDH,1967,3,CF,0,U,0,U,3011,29
1460,REDH,1967,3,CF,0,U,4,M,303,2
1460,REDH,1967,3,CF,0,U,5,F,554,2
1460,REDH,1967,3,CF,1,A,4,M,26122,167
1460,REDH,1967,3,CF,1,A,5,F,14566,100
1460,REDH,1967,3,CF,2,I,4,M,27374,160
1460,REDH,1967,3,CF,2,I,5,F,22734,143
1460,REDH,1967,4,PF,0,U,0,U,1287,8
1460,REDH,1967,4,PF,1,A,4,M,3711,25
1460,REDH,1967,4,PF,1,A,5,F,6471,38
1460,REDH,1967,4,PF,2,I,4,M,11911,80
1460,REDH,1967,4,PF,2,I,5,F,14009,85
1460,REDH,1968,1,AF,1,A,4,M,1840,13
1460,REDH,1968,1,AF,1,A,5,F,867,9
1460,REDH,1968,1,AF,2,I,4,M,599,5
1460,REDH,1968,1,AF,2,I,5,F,328,4
1460,REDH,1968,2,MF,0,U,0,U,1689,11
1460,REDH,1968,2,MF,1,A,4,M,7983,56
1460,REDH,1968,2,MF,1,A,5,F,5487,34
1460,REDH,1968,2,MF,2,I,4,M,4564,31
1460,REDH,1968,2,MF,2,I,5,F,3919,28
1460,REDH,1968,3,CF,0,U,0,U,705,27
1460,REDH,1968,3,CF,0,U,4,M,277,3
1460,REDH,1968,3,CF,0,U,5,F,50,1
1460,REDH,1968,3,CF,1,A,0,U,25,1
1460,REDH,1968,3,CF,1,A,4,M,5072,49
1460,REDH,1968,3,CF,1,A,5,F,3862,41
1460,REDH,1968,3,CF,2,I,4,M,3626,31
1460,REDH,1968,3,CF,2,I,5,F,2512,25
1460,REDH,1968,4,PF,1,A,4,M,4409,27
1460,REDH,1968,4,PF,1,A,5,F,3109,19
1460,REDH,1968,4,PF,2,I,4,M,5068,27
1460,REDH,1968,4,PF,2,I,5,F,7344,45
1460,REDH,1968,5,AK,2,I,5,F,39,1
1460,REDH,1969,1,AF,0,U,0,U,550,4
1460,REDH,1969,1,AF,1,A,4,M,2141,17
1460,REDH,1969,1,AF,1,A,5,F,1823,14
1460,REDH,1969,1,AF,2,I,0,U,335,2
1460,REDH,1969,1,AF,2,I,4,M,2564,19
1460,REDH,1969,1,AF,2,I,5,F,4010,29
1460,REDH,1969,2,MF,0,U,0,U,3247,12
1460,REDH,1969,2,MF,0,U,4,M,833,4
1460,REDH,1969,2,MF,0,U,5,F,1377,6
1460,REDH,1969,2,MF,1,A,0,U,142,1
1460,REDH,1969,2,MF,1,A,4,M,10181,41
1460,REDH,1969,2,MF,1,A,5,F,5500,23
1460,REDH,1969,2,MF,2,I,0,U,603,2
1460,REDH,1969,2,MF,2,I,4,M,26526,95
1460,REDH,1969,2,MF,2,I,5,F,39428,138
1460,REDH,1969,3,CF,0,U,0,U,3885,49
1460,REDH,1969,3,CF,1,A,4,M,13904,87
1460,REDH,1969,3,CF,1,A,5,F,6029,47
1460,REDH,1969,3,CF,2,I,4,M,30227,211
1460,REDH,1969,3,CF,2,I,5,F,25537,188
1460,REDH,1969,4,PF,0,U,0,U,1212,11
1460,REDH,1969,4,PF,1,A,4,M,4265,31
1460,REDH,1969,4,PF,1,A,5,F,4788,35
1460,REDH,1969,4,PF,2,I,4,M,13355,101
1460,REDH,1969,4,PF,2,I,5,F,14534,110
1460,REDH,1970,1,AF,0,U,0,U,391,3
1460,REDH,1970,1,AF,0,U,5,F,103,1
1460,REDH,1970,1,AF,1,A,4,M,3364,28
1460,REDH,1970,1,AF,1,A,5,F,778,9
1460,REDH,1970,1,AF,2,I,4,M,3647,25
1460,REDH,1970,1,AF,2,I,5,F,4201,35
1460,REDH,1970,2,MF,0,U,0,U,3741,18
1460,REDH,1970,2,MF,0,U,4,M,491,1
1460,REDH,1970,2,MF,1,A,4,M,14256,61
1460,REDH,1970,2,MF,1,A,5,F,8466,43
1460,REDH,1970,2,MF,2,I,0,U,87,1
1460,REDH,1970,2,MF,2,I,4,M,30987,126
1460,REDH,1970,2,MF,2,I,5,F,28998,112
1460,REDH,1970,3,CF,0,U,0,U,2630,43
1460,REDH,1970,3,CF,0,U,4,M,118,1
1460,REDH,1970,3,CF,0,U,5,F,239,1
1460,REDH,1970,3,CF,1,A,4,M,19304,109
1460,REDH,1970,3,CF,1,A,5,F,10418,68
1460,REDH,1970,3,CF,2,I,4,M,19134,126
1460,REDH,1970,3,CF,2,I,5,F,22537,143
1460,REDH,1970,4,PF,0,U,0,U,516,4
1460,REDH,1970,4,PF,0,U,5,F,432,2
1460,REDH,1970,4,PF,1,A,4,M,6659,43
1460,REDH,1970,4,PF,1,A,5,F,6234,40
1460,REDH,1970,4,PF,2,I,4,M,12164,70
1460,REDH,1970,4,PF,2,I,5,F,13434,67
1460,REDH,1970,5,AK,2,I,4,M,46,1
1460,REDH,1971,1,AF,0,U,0,U,1444,15
1460,REDH,1971,1,AF,1,A,4,M,7339,64
1460,REDH,1971,1,AF,1,A,5,F,2943,26
1460,REDH,1971,1,AF,2,I,4,M,5470,48
1460,REDH,1971,1,AF,2,I,5,F,4907,42
1460,REDH,1971,2,MF,0,U,0,U,2781,7
1460,REDH,1971,2,MF,0,U,4,M,65,1
1460,REDH,1971,2,MF,0,U,5,F,1457,5
1460,REDH,1971,2,MF,1,A,4,M,13791,54
1460,REDH,1971,2,MF,1,A,5,F,9117,35
1460,REDH,1971,2,MF,2,I,0,U,453,1
1460,REDH,1971,2,MF,2,I,4,M,24096,91
1460,REDH,1971,2,MF,2,I,5,F,32205,115
1460,REDH,1971,3,CF,0,U,0,U,1827,14
1460,REDH,1971,3,CF,0,U,4,M,353,1
1460,REDH,1971,3,CF,0,U,5,F,21,1
1460,REDH,1971,3,CF,1,A,4,M,10913,69
1460,REDH,1971,3,CF,1,A,5,F,6303,39
1460,REDH,1971,3,CF,2,I,4,M,19114,111
1460,REDH,1971,3,CF,2,I,5,F,20886,118
1460,REDH,1971,4,PF,0,U,0,U,767,5
1460,REDH,1971,4,PF,1,A,4,M,12244,63
1460,REDH,1971,4,PF,1,A,5,F,7562,42
1460,REDH,1971,4,PF,2,I,4,M,18274,90
1460,REDH,1971,4,PF,2,I,5,F,15795,81
1460,REDH,1972,1,AF,1,A,5,F,226,1
1460,REDH,1972,1,AF,2,I,4,M,95,1
1460,REDH,1972,1,AF,2,I,5,F,1076,10
1460,REDH,1972,2,MF,0,U,0,U,309,1
1460,REDH,1972,2,MF,0,U,5,F,309,1
1460,REDH,1972,2,MF,1,A,4,M,312,2
1460,REDH,1972,2,MF,1,A,5,F,2405,11
1460,REDH,1972,2,MF,2,I,4,M,1460,3
1460,REDH,1972,2,MF,2,I,5,F,6159,24
1460,REDH,1972,3,CF,0,U,5,F,175,1
1460,REDH,1972,3,CF,1,A,4,M,1823,6
1460,REDH,1972,3,CF,1,A,5,F,2477,13
1460,REDH,1972,3,CF,2,I,4,M,3080,16
1460,REDH,1972,3,CF,2,I,5,F,5592,32
1460,REDH,1972,4,PF,0,U,5,F,281,1
1460,REDH,1972,4,PF,1,A,4,M,6450,33
1460,REDH,1972,4,PF,1,A,5,F,2346,16
1460,REDH,1972,4,PF,2,I,4,M,9388,44
1460,REDH,1972,4,PF,2,I,5,F,9997,44
1460,REDH,1973,1,AF,1,A,5,F,927,5
1460,REDH,1973,1,AF,2,I,4,M,301,4
1460,REDH,1973,1,AF,2,I,5,F,365,4
1460,REDH,1973,2,MF,0,U,0,U,1160,5
1460,REDH,1973,2,MF,0,U,5,F,110,1
1460,REDH,1973,2,MF,1,A,4,M,3698,28
1460,REDH,1973,2,MF,1,A,5,F,3204,27
1460,REDH,1973,2,MF,2,I,4,M,3858,28
1460,REDH,1973,2,MF,2,I,5,F,5113,31
1460,REDH,1973,3,CF,0,U,0,U,1252,5
1460,REDH,1973,3,CF,0,U,5,F,59,1
1460,REDH,1973,3,CF,1,A,4,M,7947,44
1460,REDH,1973,3,CF,1,A,5,F,4116,35
1460,REDH,1973,3,CF,2,I,4,M,4514,26
1460,REDH,1973,3,CF,2,I,5,F,11570,54
1460,REDH,1973,4,PF,0,U,0,U,573,3
1460,REDH,1973,4,PF,0,U,4,M,300,1
1460,REDH,1973,4,PF,1,A,4,M,6698,36
1460,REDH,1973,4,PF,1,A,5,F,5708,29
1460,REDH,1973,4,PF,2,I,4,M,7876,41
1460,REDH,1973,4,PF,2,I,5,F,9911,54
1460,REDH,1974,1,AF,1,A,5,F,123,1
1460,REDH,1974,1,AF,2,I,4,M,119,1
1460,REDH,1974,1,AF,2,I,5,F,698,5
1460,REDH,1974,2,MF,0,U,0,U,1645,4
1460,REDH,1974,2,MF,1,A,4,M,4750,18
1460,REDH,1974,2,MF,1,A,5,F,2562,11
1460,REDH,1974,2,MF,2,I,4,M,7943,29
1460,REDH,1974,2,MF,2,I,5,F,13701,53
1460,REDH,1974,3,CF,0,U,0,U,760,5
1460,REDH,1974,3,CF,1,A,4,M,6576,40
1460,REDH,1974,3,CF,1,A,5,F,3854,22
1460,REDH,1974,3,CF,2,I,4,M,10187,67
1460,REDH,1974,3,CF,2,I,5,F,12949,84
1460,REDH,1974,4,PF,0,U,0,U,1779,9
1460,REDH,1974,4,PF,0,U,4,M,122,1
1460,REDH,1974,4,PF,1,A,4,M,4561,31
1460,REDH,1974,4,PF,1,A,5,F,3279,21
1460,REDH,1974,4,PF,2,I,0,U,197,1
1460,REDH,1974,4,PF,2,I,4,M,7027,42
1460,REDH,1974,4,PF,2,I,5,F,9364,56
1460,REDH,1975,1,AF,1,A,4,M,777,6
1460,REDH,1975,1,AF,1,A,5,F,619,6
1460,REDH,1975,1,AF,2,I,4,M,750,6
1460,REDH,1975,1,AF,2,I,5,F,1485,13
1460,REDH,1975,2,MF,0,U,0,U,2263,10
1460,REDH,1975,2,MF,0,U,4,M,852,6
1460,REDH,1975,2,MF,0,U,5,F,742,3
1460,REDH,1975,2,MF,1,A,4,M,7918,48
1460,REDH,1975,2,MF,1,A,5,F,3895,22
1460,REDH,1975,2,MF,2,I,4,M,13347,80
1460,REDH,1975,2,MF,2,I,5,F,18188,108
1460,REDH,1975,3,CF,0,U,0,U,737,5
1460,REDH,1975,3,CF,0,U,4,M,531,4
1460,REDH,1975,3,CF,0,U,5,F,727,6
1460,REDH,1975,3,CF,1,A,4,M,7911,58
1460,REDH,1975,3,CF,1,A,5,F,4804,36
1460,REDH,1975,3,CF,2,I,4,M,18596,121
1460,REDH,1975,3,CF,2,I,5,F,23771,141
1460,REDH,1975,4,PF,0,U,0,U,697,5
1460,REDH,1975,4,PF,0,U,5,F,319,4
1460,REDH,1975,4,PF,1,A,4,M,5829,48
1460,REDH,1975,4,PF,1,A,5,F,4732,45
1460,REDH,1975,4,PF,2,I,0,U,176,1
1460,REDH,1975,4,PF,2,I,4,M,15851,115
1460,REDH,1975,4,PF,2,I,5,F,13909,103
1460,REDH,1975,5,AK,2,I,5,F,34,1
1460,REDH,1976,1,AF,0,U,0,U,148,1
1460,REDH,1976,1,AF,1,A,4,M,1430,14
1460,REDH,1976,1,AF,1,A,5,F,1583,11
1460,REDH,1976,1,AF,2,I,4,M,2786,21
1460,REDH,1976,1,AF,2,I,5,F,3025,25
1460,REDH,1976,2,MF,0,U,0,U,787,3
1460,REDH,1976,2,MF,0,U,5,F,488,2
1460,REDH,1976,2,MF,1,A,4,M,9740,45
1460,REDH,1976,2,MF,1,A,5,F,6245,34
1460,REDH,1976,2,MF,2,I,4,M,14784,61
1460,REDH,1976,2,MF,2,I,5,F,15461,64
1460,REDH,1976,3,CF,0,U,0,U,1386,9
1460,REDH,1976,3,CF,0,U,4,M,169,1
1460,REDH,1976,3,CF,1,A,4,M,12604,82
1460,REDH,1976,3,CF,1,A,5,F,8126,52
1460,REDH,1976,3,CF,2,I,0,U,118,1
1460,REDH,1976,3,CF,2,I,4,M,17995,108
1460,REDH,1976,3,CF,2,I,5,F,16361,96
1460,REDH,1976,4,PF,0,U,0,U,830,5
1460,REDH,1976,4,PF,1,A,4,M,10270,63
1460,REDH,1976,4,PF,1,A,5,F,3910,22
1460,REDH,1976,4,PF,2,I,4,M,13735,80
1460,REDH,1976,4,PF,2,I,5,F,12907,71
1460,REDH,1977,1,AF,1,A,0,U,217,1
1460,REDH,1977,1,AF,1,A,4,M,4052,29
1460,REDH,1977,1,AF,1,A,5,F,2206,15
1460,REDH,1977,1,AF,2,I,4,M,966,6
1460,REDH,1977,1,AF,2,I,5,F,1056,8
1460,REDH,1977,2,MF,0,U,0,U,277,1
1460,REDH,1977,2,MF,0,U,4,M,226,1
1460,REDH,1977,2,MF,0,U,5,F,192,1
1460,REDH,1977,2,MF,1,A,4,M,8125,45
1460,REDH,1977,2,MF,1,A,5,F,9091,42
1460,REDH,1977,2,MF,2,I,4,M,4486,21
1460,REDH,1977,2,MF,2,I,5,F,5691,27
1460,REDH,1977,3,CF,0,U,0,U,273,3
1460,REDH,1977,3,CF,0,U,4,M,115,1
1460,REDH,1977,3,CF,1,A,4,M,18775,125
1460,REDH,1977,3,CF,1,A,5,F,10091,70
1460,REDH,1977,3,CF,2,I,4,M,7229,46
1460,REDH,1977,3,CF,2,I,5,F,5316,34
1460,REDH,1977,4,PF,0,U,0,U,550,2
1460,REDH,1977,4,PF,0,U,4,M,171,1
1460,REDH,1977,4,PF,0,U,5,F,171,1
1460,REDH,1977,4,PF,1,A,4,M,8354,56
1460,REDH,1977,4,PF,1,A,5,F,7584,48
1460,REDH,1977,4,PF,2,I,0,U,108,1
1460,REDH,1977,4,PF,2,I,4,M,5759,37
1460,REDH,1977,4,PF,2,I,5,F,3938,28
1460,REDH,1977,5,AK,1,A,4,M,54,1
1460,REDH,1977,5,AK,1,A,5,F,54,1
1460,REDH,1977,5,AK,2,I,4,M,108,2
1460,REDH,1978,1,AF,0,U,0,U,103,1
1460,REDH,1978,1,AF,1,A,4,M,805,7
1460,REDH,1978,1,AF,1,A,5,F,810,7
1460,REDH,1978,1,AF,2,I,4,M,2364,21
1460,REDH,1978,1,AF,2,I,5,F,4475,31
1460,REDH,1978,2,MF,0,U,0,U,1385,5
1460,REDH,1978,2,MF,1,A,4,M,10400,39
1460,REDH,1978,2,MF,1,A,5,F,5324,27
1460,REDH,1978,2,MF,2,I,4,M,25519,94
1460,REDH,1978,2,MF,2,I,5,F,20882,73
1460,REDH,1978,3,CF,0,U,0,U,521,3
1460,REDH,1978,3,CF,1,A,4,M,11704,66
1460,REDH,1978,3,CF,1,A,5,F,7537,41
1460,REDH,1978,3,CF,2,I,4,M,24971,119
1460,REDH,1978,3,CF,2,I,5,F,13880,67
1460,REDH,1978,4,PF,0,U,0,U,123,1
1460,REDH,1978,4,PF,0,U,4,M,288,1
1460,REDH,1978,4,PF,1,A,4,M,4220,21
1460,REDH,1978,4,PF,1,A,5,F,4216,21
1460,REDH,1978,4,PF,2,I,4,M,15264,84
1460,REDH,1978,4,PF,2,I,5,F,12964,64
1460,REDH,1978,5,AK,2,I,5,F,116,2
1460,REDH,1979,1,AF,0,U,5,F,77,1
1460,REDH,1979,1,AF,1,A,4,M,674,5
1460,REDH,1979,1,AF,1,A,5,F,1614,10
1460,REDH,1979,1,AF,2,I,4,M,3292,30
1460,REDH,1979,1,AF,2,I,5,F,3190,30
1460,REDH,1979,2,MF,0,U,0,U,386,1
1460,REDH,1979,2,MF,1,A,4,M,9946,42
1460,REDH,1979,2,MF,1,A,5,F,10759,47
1460,REDH,1979,2,MF,2,I,4,M,34802,148
1460,REDH,1979,2,MF,2,I,5,F,31576,125
1460,REDH,1979,3,CF,0,U,0,U,1150,7
1460,REDH,1979,3,CF,1,A,4,M,11072,68
1460,REDH,1979,3,CF,1,A,5,F,8670,47
1460,REDH,1979,3,CF,2,I,4,M,28811,153
1460,REDH,1979,3,CF,2,I,5,F,22778,138
1460,REDH,1979,4,PF,0,U,0,U,75,1
1460,REDH,1979,4,PF,0,U,5,F,326,1
1460,REDH,1979,4,PF,1,A,4,M,2578,19
1460,REDH,1979,4,PF,1,A,5,F,3890,23
1460,REDH,1979,4,PF,2,I,4,M,8621,60
1460,REDH,1979,4,PF,2,I,5,F,10581,74
1460,REDH,1979,5,AK,2,I,4,M,422,6
1460,REDH,1979,5,AK,2,I,5,F,141,2
1460,REDH,1980,1,AF,0,U,0,U,190,2
1460,REDH,1980,1,AF,1,A,4,M,3367,32
1460,REDH,1980,1,AF,1,A,5,F,1933,21
1460,REDH,1980,1,AF,2,I,4,M,1906,17
1460,REDH,1980,1,AF,2,I,5,F,1917,22
1460,REDH,1980,2,MF,1,A,4,M,12416,72
1460,REDH,1980,2,MF,1,A,5,F,12644,68
1460,REDH,1980,2,MF,2,I,4,M,12578,63
1460,REDH,1980,2,MF,2,I,5,F,20600,92
1460,REDH,1980,3,CF,0,U,0,U,378,4
1460,REDH,1980,3,CF,1,A,4,M,8023,69
1460,REDH,1980,3,CF,1,A,5,F,8148,63
1460,REDH,1980,3,CF,2,I,4,M,9637,73
1460,REDH,1980,3,CF,2,I,5,F,11213,78
1460,REDH,1980,4,PF,0,U,5,F,162,2
1460,REDH,1980,4,PF,1,A,4,M,7767,59
1460,REDH,1980,4,PF,1,A,5,F,5720,45
1460,REDH,1980,4,PF,2,I,4,M,15736,111
1460,REDH,1980,4,PF,2,I,5,F,12965,103
1460,REDH,1980,5,AK,2,I,4,M,270,4
1460,REDH,1981,1,AF,0,U,0,U,196,2
1460,REDH,1981,1,AF,1,A,4,M,2132,16
1460,REDH,1981,1,AF,1,A,5,F,819,7
1460,REDH,1981,1,AF,2,I,4,M,452,5
1460,REDH,1981,1,AF,2,I,5,F,101,1
1460,REDH,1981,2,MF,0,U,0,U,1674,8
1460,REDH,1981,2,MF,0,U,5,F,130,1
1460,REDH,1981,2,MF,1,A,4,M,18047,92
1460,REDH,1981,2,MF,1,A,5,F,11596,55
1460,REDH,1981,2,MF,2,I,4,M,6589,29
1460,REDH,1981,2,MF,2,I,5,F,5443,24
1460,REDH,1981,3,CF,0,U,0,U,673,4
1460,REDH,1981,3,CF,1,A,4,M,15187,96
1460,REDH,1981,3,CF,1,A,5,F,8541,59
1460,REDH,1981,3,CF,2,I,4,M,7421,39
1460,REDH,1981,3,CF,2,I,5,F,8726,46
1460,REDH,1981,4,PF,0,U,0,U,678,5
1460,REDH,1981,4,PF,0,U,5,F,42,1
1460,REDH,1981,4,PF,1,A,4,M,6591,58
1460,REDH,1981,4,PF,1,A,5,F,5168,56
1460,REDH,1981,4,PF,2,I,0,U,108,1
1460,REDH,1981,4,PF,2,I,4,M,6186,55
1460,REDH,1981,4,PF,2,I,5,F,8665,71
1460,REDH,1981,5,AK,1,A,4,M,120,3
1460,REDH,1981,5,AK,1,A,5,F,200,5
1460,REDH,1981,5,AK,2,I,5,F,80,2
1460,REDH,1982,1,AF,1,A,4,M,2146,22
1460,REDH,1982,1,AF,1,A,5,F,773,8
1460,REDH,1982,1,AF,2,I,4,M,1119,14
1460,REDH,1982,1,AF,2,I,5,F,1557,18
1460,REDH,1982,2,MF,0,U,5,F,243,1
1460,REDH,1982,2,MF,1,A,4,M,10134,67
1460,REDH,1982,2,MF,1,A,5,F,7769,46
1460,REDH,1982,2,MF,2,I,0,U,96,1
1460,REDH,1982,2,MF,2,I,4,M,15306,70
1460,REDH,1982,2,MF,2,I,5,F,15024,87
1460,REDH,1982,3,CF,0,U,0,U,474,1
1460,REDH,1982,3,CF,1,A,4,M,9381,62
1460,REDH,1982,3,CF,1,A,5,F,9634,42
1460,REDH,1982,3,CF,2,I,4,M,12350,81
1460,REDH,1982,3,CF,2,I,5,F,9983,75
1460,REDH,1982,4,PF,0,U,5,F,52,1
1460,REDH,1982,4,PF,1,A,4,M,8635,84
1460,REDH,1982,4,PF,1,A,5,F,9274,80
1460,REDH,1982,4,PF,2,I,4,M,15434,136
1460,REDH,1982,4,PF,2,I,5,F,18732,158
1460,REDH,1982,5,AK,1,A,5,F,63,1
1460,REDH,1982,5,AK,2,I,4,M,63,1
1460,REDH,1983,1,AF,0,U,0,U,258,3
1460,REDH,1983,1,AF,1,A,4,M,2398,25
1460,REDH,1983,1,AF,1,A,5,F,2038,18
1460,REDH,1983,1,AF,2,I,4,M,3532,31
1460,REDH,1983,1,AF,2,I,5,F,2058,22
1460,REDH,1983,2,MF,0,U,0,U,268,2
1460,REDH,1983,2,MF,0,U,5,F,258,1
1460,REDH,1983,2,MF,1,A,4,M,10143,67
1460,REDH,1983,2,MF,1,A,5,F,6843,45
1460,REDH,1983,2,MF,2,I,0,U,383,2
1460,REDH,1983,2,MF,2,I,4,M,27122,168
1460,REDH,1983,2,MF,2,I,5,F,19490,111
1460,REDH,1983,3,CF,0,U,0,U,686,6
1460,REDH,1983,3,CF,1,A,4,M,10341,90
1460,REDH,1983,3,CF,1,A,5,F,6896,72
1460,REDH,1983,3,CF,2,I,4,M,20542,183
1460,REDH,1983,3,CF,2,I,5,F,18383,164
1460,REDH,1983,4,PF,0,U,0,U,703,6
1460,REDH,1983,4,PF,0,U,5,F,60,1
1460,REDH,1983,4,PF,1,A,4,M,8739,59
1460,REDH,1983,4,PF,1,A,5,F,6835,55
1460,REDH,1983,4,PF,2,I,0,U,60,1
1460,REDH,1983,4,PF,2,I,4,M,12676,96
1460,REDH,1983,4,PF,2,I,5,F,15547,111
1460,REDH,1983,5,AK,2,I,4,M,163,4
1460,REDH,1983,5,AK,2,I,5,F,163,4
1460,REDH,1984,1,AF,0,U,4,M,114,1
1460,REDH,1984,1,AF,1,A,4,M,3014,32
1460,REDH,1984,1,AF,1,A,5,F,912,10
1460,REDH,1984,1,AF,2,I,4,M,1012,10
1460,REDH,1984,1,AF,2,I,5,F,910,9
1460,REDH,1984,2,MF,0,U,0,U,360,2
1460,REDH,1984,2,MF,0,U,5,F,450,3
1460,REDH,1984,2,MF,1,A,4,M,12415,75
1460,REDH,1984,2,MF,1,A,5,F,10264,58
1460,REDH,1984,2,MF,2,I,4,M,13596,84
1460,REDH,1984,2,MF,2,I,5,F,14325,78
1460,REDH,1984,3,CF,0,U,0,U,78,1
1460,REDH,1984,3,CF,0,U,4,M,40,1
1460,REDH,1984,3,CF,0,U,5,F,71,2
1460,REDH,1984,3,CF,1,A,4,M,20246,155
1460,REDH,1984,3,CF,1,A,5,F,11211,94
1460,REDH,1984,3,CF,2,I,0,U,87,1
1460,REDH,1984,3,CF,2,I,4,M,12769,112
1460,REDH,1984,3,CF,2,I,5,F,13977,110
1460,REDH,1984,4,PF,0,U,0,U,137,2
1460,REDH,1984,4,PF,1,A,4,M,7522,72
1460,REDH,1984,4,PF,1,A,5,F,6341,50
1460,REDH,1984,4,PF,2,I,0,U,147,1
1460,REDH,1984,4,PF,2,I,4,M,7665,60
1460,REDH,1984,4,PF,2,I,5,F,4998,42
1460,REDH,1984,5,AK,2,I,4,M,147,2
1460,REDH,1984,5,AK,2,I,5,F,147,2
1460,REDH,1985,1,AF,1,A,4,M,2673,34
1460,REDH,1985,1,AF,1,A,5,F,1422,16
1460,REDH,1985,1,AF,2,I,4,M,1228,13
1460,REDH,1985,1,AF,2,I,5,F,2127,23
1460,REDH,1985,2,MF,0,U,0,U,386,2
1460,REDH,1985,2,MF,1,A,4,M,7090,45
1460,REDH,1985,2,MF,1,A,5,F,5910,31
1460,REDH,1985,2,MF,2,I,4,M,12211,68
1460,REDH,1985,2,MF,2,I,5,F,10839,60
1460,REDH,1985,3,CF,0,U,0,U,518,5
1460,REDH,1985,3,CF,0,U,5,F,142,1
1460,REDH,1985,3,CF,1,A,4,M,9149,73
1460,REDH,1985,3,CF,1,A,5,F,6035,59
1460,REDH,1985,3,CF,2,I,4,M,9764,89
1460,REDH,1985,3,CF,2,I,5,F,10703,103
1460,REDH,1985,4,PF,0,U,0,U,212,1
1460,REDH,1985,4,PF,0,U,5,F,38,1
1460,REDH,1985,4,PF,1,A,4,M,5148,48
1460,REDH,1985,4,PF,1,A,5,F,3053,27
1460,REDH,1985,4,PF,2,I,4,M,5002,36
1460,REDH,1985,4,PF,2,I,5,F,2907,31
1460,REDH,1985,5,AK,2,I,4,M,333,5
1460,REDH,1985,5,AK,2,I,5,F,599,9
1460,REDH,1986,1,AF,1,A,4,M,1525,16
1460,REDH,1986,1,AF,1,A,5,F,450,5
1460,REDH,1986,1,AF,2,I,4,M,1097,10
1460,REDH,1986,1,AF,2,I,5,F,2258,24
1460,REDH,1986,2,MF,0,U,0,U,128,1
1460,REDH,1986,2,MF,1,A,4,M,3900,24
1460,REDH,1986,2,MF,1,A,5,F,6832,35
1460,REDH,1986,2,MF,2,I,4,M,15788,83
1460,REDH,1986,2,MF,2,I,5,F,14223,74
1460,REDH,1986,3,CF,1,A,4,M,9432,93
1460,REDH,1986,3,CF,1,A,5,F,6693,62
1460,REDH,1986,3,CF,2,I,4,M,12483,118
1460,REDH,1986,3,CF,2,I,5,F,10851,107
1460,REDH,1986,4,PF,1,A,4,M,3708,33
1460,REDH,1986,4,PF,1,A,5,F,2148,18
1460,REDH,1986,4,PF,2,I,4,M,5304,39
1460,REDH,1986,4,PF,2,I,5,F,4206,35
1460,REDH,1986,5,AK,2,I,4,M,98,1
1460,REDH,1987,1,AF,1,A,4,M,866,9
1460,REDH,1987,1,AF,1,A,5,F,425,4
1460,REDH,1987,1,AF,2,I,4,M,301,3
1460,REDH,1987,1,AF,2,I,5,F,595,5
1460,REDH,1987,2,MF,1,A,4,M,3418,20
1460,REDH,1987,2,MF,1,A,5,F,4976,24
1460,REDH,1987,2,MF,2,I,0,U,457,1
1460,REDH,1987,2,MF,2,I,4,M,12738,53
1460,REDH,1987,2,MF,2,I,5,F,13203,60
1460,REDH,1987,3,CF,0,U,0,U,151,2
1460,REDH,1987,3,CF,1,A,4,M,8395,86
1460,REDH,1987,3,CF,1,A,5,F,4843,44
1460,REDH,1987,3,CF,2,I,4,M,11299,104
1460,REDH,1987,3,CF,2,I,5,F,9999,87
1460,REDH,1987,4,PF,0,U,4,M,179,2
1460,REDH,1987,4,PF,1,A,4,M,3141,30
1460,REDH,1987,4,PF,1,A,5,F,1675,23
1460,REDH,1987,4,PF,2,I,4,M,3043,32
1460,REDH,1987,4,PF,2,I,5,F,3320,27
1460,REDH,1987,5,AK,2,I,4,M,43,1
1460,REDH,1988,1,AF,1,A,4,M,735,11
1460,REDH,1988,1,AF,1,A,5,F,466,7
1460,REDH,1988,1,AF,2,I,4,M,311,4
1460,REDH,1988,1,AF,2,I,5,F,600,8
1460,REDH,1988,2,MF,1,A,4,M,2853,22
1460,REDH,1988,2,MF,1,A,5,F,1530,13
1460,REDH,1988,2,MF,2,I,4,M,1151,13
1460,REDH,1988,2,MF,2,I,5,F,1686,13
1460,REDH,1988,3,CF,0,U,0,U,120,3
1460,REDH,1988,3,CF,0,U,4,M,69,1
1460,REDH,1988,3,CF,0,U,5,F,99,1
1460,REDH,1988,3,CF,1,A,4,M,6546,94
1460,REDH,1988,3,CF,1,A,5,F,2632,38
1460,REDH,1988,3,CF,2,I,4,M,1238,16
1460,REDH,1988,3,CF,2,I,5,F,984,15
1460,REDH,1988,4,PF,0,U,0,U,68,1
1460,REDH,1988,4,PF,0,U,4,M,35,1
1460,REDH,1988,4,PF,1,A,4,M,2256,32
1460,REDH,1988,4,PF,1,A,5,F,1431,21
1460,REDH,1988,4,PF,2,I,4,M,1449,19
1460,REDH,1988,4,PF,2,I,5,F,961,16
1460,REDH,1988,5,AK,1,A,5,F,87,3
1460,REDH,1988,5,AK,2,I,4,M,58,2
1460,REDH,1989,1,AF,1,A,4,M,861,11
1460,REDH,1989,1,AF,1,A,5,F,371,4
1460,REDH,1989,1,AF,2,I,4,M,341,4
1460,REDH,1989,1,AF,2,I,5,F,279,3
1460,REDH,1989,2,MF,1,A,4,M,2109,20
1460,REDH,1989,2,MF,1,A,5,F,2345,22
1460,REDH,1989,2,MF,2,I,4,M,2228,18
1460,REDH,1989,2,MF,2,I,5,F,1926,18
1460,REDH,1989,3,CF,0,U,5,F,139,1
1460,REDH,1989,3,CF,1,A,4,M,4379,62
1460,REDH,1989,3,CF,1,A,5,F,3292,54
1460,REDH,1989,3,CF,2,I,4,M,2006,31
1460,REDH,1989,3,CF,2,I,5,F,1678,26
1460,REDH,1989,4,PF,0,U,0,U,130,3
1460,REDH,1989,4,PF,0,U,5,F,70,1
1460,REDH,1989,4,PF,1,A,4,M,2231,38
1460,REDH,1989,4,PF,1,A,5,F,1546,20
1460,REDH,1989,4,PF,2,I,4,M,1617,27
1460,REDH,1989,4,PF,2,I,5,F,3490,52
1460,REDH,1989,5,AK,1,A,5,F,29,1
1460,REDH,1989,5,AK,2,I,5,F,29,1
1460,REDH,1990,1,AF,1,A,4,M,276,4
1460,REDH,1990,1,AF,1,A,5,F,120,2
1460,REDH,1990,1,AF,2,I,4,M,60,1
1460,REDH,1990,1,AF,2,I,5,F,131,3
1460,REDH,1990,2,MF,0,U,0,U,161,1
1460,REDH,1990,2,MF,0,U,5,F,118,1
1460,REDH,1990,2,MF,1,A,4,M,2131,15
1460,REDH,1990,2,MF,1,A,5,F,3094,18
1460,REDH,1990,2,MF,2,I,4,M,4856,29
1460,REDH,1990,2,MF,2,I,5,F,2466,19
1460,REDH,1990,3,CF,0,U,4,M,2857,41
1460,REDH,1990,3,CF,0,U,5,F,2025,30
1460,REDH,1990,3,CF,1,A,4,M,5214,75
1460,REDH,1990,3,CF,1,A,5,F,781,17
1460,REDH,1990,3,CF,2,I,4,M,3326,59
1460,REDH,1990,3,CF,2,I,5,F,217,10
1460,REDH,1990,4,PF,0,U,0,U,130,2
1460,REDH,1990,4,PF,1,A,4,M,1773,27
1460,REDH,1990,4,PF,1,A,5,F,803,14
1460,REDH,1990,4,PF,2,I,4,M,2101,37
1460,REDH,1990,4,PF,2,I,5,F,2465,42
1460,REDH,1990,5,AK,1,A,4,M,110,2
1460,REDH,1990,5,AK,2,I,4,M,55,1
1460,REDH,1990,5,AK,2,I,5,F,55,1
1460,REDH,1991,1,AF,1,A,4,M,260,2
1460,REDH,1991,1,AF,1,A,5,F,47,1
1460,REDH,1991,1,AF,2,I,4,M,134,2
1460,REDH,1991,1,AF,2,I,5,F,47,1
1460,REDH,1991,2,MF,0,U,0,U,88,1
1460,REDH,1991,2,MF,1,A,4,M,4339,26
1460,REDH,1991,2,MF,1,A,5,F,2197,13
1460,REDH,1991,2,MF,2,I,4,M,9150,47
1460,REDH,1991,2,MF,2,I,5,F,8791,46
1460,REDH,1991,3,CF,0,U,0,U,340,5
1460,REDH,1991,3,CF,1,A,4,M,5007,60
1460,REDH,1991,3,CF,1,A,5,F,2431,33
1460,REDH,1991,3,CF,2,I,4,M,4694,54
1460,REDH,1991,3,CF,2,I,5,F,2896,46
1460,REDH,1991,4,PF,1,A,4,M,1780,27
1460,REDH,1991,4,PF,1,A,5,F,942,14
1460,REDH,1991,4,PF,2,I,4,M,2023,31
1460,REDH,1991,4,PF,2,I,5,F,1317,23
1460,REDH,1991,5,AK,0,U,0,U,68,1
1460,REDH,1991,5,AK,2,I,4,M,136,2
1460,REDH,1991,5,AK,2,I,5,F,68,1
1460,REDH,1992,1,AF,1,A,4,M,471,5
1460,REDH,1992,1,AF,1,A,5,F,211,2
1460,REDH,1992,1,AF,2,I,4,M,43,1
1460,REDH,1992,1,AF,2,I,5,F,290,3
1460,REDH,1992,2,MF,0,U,0,U,73,1
1460,REDH,1992,2,MF,0,U,5,F,62,1
1460,REDH,1992,2,MF,1,A,4,M,2987,40
1460,REDH,1992,2,MF,1,A,5,F,3389,41
1460,REDH,1992,2,MF,2,I,4,M,4430,50
1460,REDH,1992,2,MF,2,I,5,F,5177,63
1460,REDH,1992,3,CF,0,U,5,F,120,1
1460,REDH,1992,3,CF,1,A,4,M,3419,64
1460,REDH,1992,3,CF,1,A,5,F,1733,27
1460,REDH,1992,3,CF,2,I,0,U,115,1
1460,REDH,1992,3,CF,2,I,4,M,3660,59
1460,REDH,1992,3,CF,2,I,5,F,2745,49
1460,REDH,1992,4,PF,0,U,0,U,121,2
1460,REDH,1992,4,PF,1,A,4,M,1914,39
1460,REDH,1992,4,PF,1,A,5,F,811,16
1460,REDH,1992,4,PF,2,I,4,M,1405,27
1460,REDH,1992,4,PF,2,I,5,F,1262,25
1460,REDH,1993,1,AF,1,A,4,M,119,2
1460,REDH,1993,1,AF,1,A,5,F,550,6
1460,REDH,1993,1,AF,2,I,4,M,879,14
1460,REDH,1993,1,AF,2,I,5,F,1357,17
1460,REDH,1993,2,MF,1,A,4,M,3573,43
1460,REDH,1993,2,MF,1,A,5,F,3458,35
1460,REDH,1993,2,MF,2,I,0,U,57,1
1460,REDH,1993,2,MF,2,I,4,M,10605,113
1460,REDH,1993,2,MF,2,I,5,F,8532,82
1460,REDH,1993,3,CF,0,U,0,U,58,1
1460,REDH,1993,3,CF,0,U,5,F,96,1
1460,REDH,1993,3,CF,1,A,4,M,3022,47
1460,REDH,1993,3,CF,1,A,5,F,2563,39
1460,REDH,1993,3,CF,2,I,0,U,103,2
1460,REDH,1993,3,CF,2,I,4,M,9582,140
1460,REDH,1993,3,CF,2,I,5,F,5296,87
1460,REDH,1993,4,PF,1,A,4,M,2426,40
1460,REDH,1993,4,PF,1,A,5,F,1117,20
1460,REDH,1993,4,PF,2,I,4,M,3184,52
1460,REDH,1993,4,PF,2,I,5,F,3915,63
1460,REDH,1993,5,AK,2,I,4,M,57,1
1460,REDH,1994,1,AF,1,A,4,M,412,6
1460,REDH,1994,1,AF,1,A,5,F,631,7
1460,REDH,1994,1,AF,2,I,4,M,700,15
1460,REDH,1994,1,AF,2,I,5,F,754,13
1460,REDH,1994,2,MF,0,U,0,U,236,2
1460,REDH,1994,2,MF,1,A,4,M,4761,45
1460,REDH,1994,2,MF,1,A,5,F,2589,24
1460,REDH,1994,2,MF,2,I,4,M,19688,171
1460,REDH,1994,2,MF,2,I,5,F,15606,143
1460,REDH,1994,3,CF,0,U,0,U,92,1
1460,REDH,1994,3,CF,0,U,4,M,148,2
1460,REDH,1994,3,CF,0,U,5,F,93,1
1460,REDH,1994,3,CF,1,A,4,M,5668,57
1460,REDH,1994,3,CF,1,A,5,F,2379,31
1460,REDH,1994,3,CF,2,I,0,U,221,2
1460,REDH,1994,3,CF,2,I,4,M,20641,231
1460,REDH,1994,3,CF,2,I,5,F,11695,129
1460,REDH,1994,4,PF,0,U,0,U,52,1
1460,REDH,1994,4,PF,1,A,4,M,4908,69
1460,REDH,1994,4,PF,1,A,5,F,2553,35
1460,REDH,1994,4,PF,2,I,4,M,4741,66
1460,REDH,1994,4,PF,2,I,5,F,4261,61
1460,REDH,1994,5,AK,2,I,4,M,46,1
1460,REDH,1995,1,AF,0,U,5,F,85,1
1460,REDH,1995,1,AF,1,A,4,M,3854,59
1460,REDH,1995,1,AF,1,A,5,F,2052,20
1460,REDH,1995,1,AF,2,I,4,M,1604,21
1460,REDH,1995,1,AF,2,I,5,F,1812,22
1460,REDH,1995,2,MF,1,A,4,M,9944,68
1460,REDH,1995,2,MF,1,A,5,F,7547,51
1460,REDH,1995,2,MF,2,I,0,U,129,1
1460,REDH,1995,2,MF,2,I,4,M,26057,151
1460,REDH,1995,2,MF,2,I,5,F,20319,105
1460,REDH,1995,3,CF,0,U,0,U,187,2
1460,REDH,1995,3,CF,0,U,4,M,153,1
1460,REDH,1995,3,CF,1,A,4,M,10059,79
1460,REDH,1995,3,CF,1,A,5,F,5461,52
1460,REDH,1995,3,CF,2,I,0,U,51,1
1460,REDH,1995,3,CF,2,I,4,M,16957,143
1460,REDH,1995,3,CF,2,I,5,F,15053,132
1460,REDH,1995,4,PF,0,U,0,U,628,4
1460,REDH,1995,4,PF,0,U,4,M,223,2
1460,REDH,1995,4,PF,1,A,4,M,6260,81
1460,REDH,1995,4,PF,1,A,5,F,3117,35
1460,REDH,1995,4,PF,2,I,4,M,9015,109
1460,REDH,1995,4,PF,2,I,5,F,5585,64
1460,REDH,1996,1,AF,0,U,0,U,151,1
1460,REDH,1996,1,AF,1,A,4,M,1987,36
1460,REDH,1996,1,AF,1,A,5,F,1384,23
1460,REDH,1996,1,AF,2,I,4,M,2321,25
1460,REDH,1996,1,AF,2,I,5,F,1830,22
1460,REDH,1996,2,MF,0,U,0,U,95,1
1460,REDH,1996,2,MF,0,U,5,F,102,1
1460,REDH,1996,2,MF,1,A,4,M,9895,57
1460,REDH,1996,2,MF,1,A,5,F,9176,59
1460,REDH,1996,2,MF,2,I,4,M,32817,155
1460,REDH,1996,2,MF,2,I,5,F,33495,157
1460,REDH,1996,3,CF,0,U,0,U,835,5
1460,REDH,1996,3,CF,1,A,4,M,18338,103
1460,REDH,1996,3,CF,1,A,5,F,10445,69
1460,REDH,1996,3,CF,2,I,4,M,39366,254
1460,REDH,1996,3,CF,2,I,5,F,27611,185
1460,REDH,1996,4,PF,0,U,4,M,133,1
1460,REDH,1996,4,PF,0,U,5,F,133,1
1460,REDH,1996,4,PF,1,A,4,M,8124,79
1460,REDH,1996,4,PF,1,A,5,F,4498,42
1460,REDH,1996,4,PF,2,I,4,M,8189,83
1460,REDH,1996,4,PF,2,I,5,F,8163,84
1460,REDH,1997,1,AF,0,U,4,M,67,1
1460,REDH,1997,1,AF,1,A,4,M,1164,16
1460,REDH,1997,1,AF,1,A,5,F,1335,12
1460,REDH,1997,1,AF,2,I,4,M,1263,13
1460,REDH,1997,1,AF,2,I,5,F,1276,9
1460,REDH,1997,2,MF,1,A,4,M,14618,60
1460,REDH,1997,2,MF,1,A,5,F,9589,46
1460,REDH,1997,2,MF,2,I,4,M,27270,115
1460,REDH,1997,2,MF,2,I,5,F,28788,108
1460,REDH,1997,3,CF,0,U,0,U,796,5
1460,REDH,1997,3,CF,1,A,4,M,18777,115
1460,REDH,1997,3,CF,1,A,5,F,12151,73
1460,REDH,1997,3,CF,2,I,0,U,858,2
1460,REDH,1997,3,CF,2,I,4,M,40010,270
1460,REDH,1997,3,CF,2,I,5,F,27668,184
1460,REDH,1997,4,PF,0,U,4,M,89,1
1460,REDH,1997,4,PF,1,A,4,M,12515,119
1460,REDH,1997,4,PF,1,A,5,F,6499,62
1460,REDH,1997,4,PF,2,I,4,M,12764,123
1460,REDH,1997,4,PF,2,I,5,F,9229,81
1460,REDH,1998,1,AF,0,U,0,U,128,1
1460,REDH,1998,1,AF,1,A,4,M,4006,30
1460,REDH,1998,1,AF,1,A,5,F,1973,16
1460,REDH,1998,1,AF,2,I,4,M,2152,14
1460,REDH,1998,1,AF,2,I,5,F,3431,27
1460,REDH,1998,2,MF,1,A,4,M,15275,60
1460,REDH,1998,2,MF,1,A,5,F,13041,53
1460,REDH,1998,2,MF,2,I,0,U,213,1
1460,REDH,1998,2,MF,2,I,4,M,27025,100
1460,REDH,1998,2,MF,2,I,5,F,14245,60
1460,REDH,1998,3,CF,0,U,4,M,260,1
1460,REDH,1998,3,CF,1,A,4,M,37598,188
1460,REDH,1998,3,CF,1,A,5,F,23644,104
1460,REDH,1998,3,CF,2,I,4,M,32107,169
1460,REDH,1998,3,CF,2,I,5,F,24109,145
1460,REDH,1998,4,PF,0,U,4,M,78,1
1460,REDH,1998,4,PF,1,A,4,M,10465,79
1460,REDH,1998,4,PF,1,A,5,F,5724,42
1460,REDH,1998,4,PF,2,I,4,M,15408,112
1460,REDH,1998,4,PF,2,I,5,F,11337,84
1460,REDH,1998,5,AK,2,I,4,M,76,1
1460,REDH,1999,1,AF,1,A,4,M,636,6
1460,REDH,1999,1,AF,1,A,5,F,540,5
1460,REDH,1999,1,AF,2,I,4,M,1184,11
1460,REDH,1999,1,AF,2,I,5,F,1454,14
1460,REDH,1999,2,MF,0,U,0,U,364,2
1460,REDH,1999,2,MF,1,A,4,M,8526,33
1460,REDH,1999,2,MF,1,A,5,F,6736,26
1460,REDH,1999,2,MF,2,I,0,U,345,1
1460,REDH,1999,2,MF,2,I,4,M,24415,88
1460,REDH,1999,2,MF,2,I,5,F,21337,71
1460,REDH,1999,3,CF,0,U,0,U,743,4
1460,REDH,1999,3,CF,0,U,4,M,158,1
1460,REDH,1999,3,CF,1,A,4,M,22591,126
1460,REDH,1999,3,CF,1,A,5,F,13405,79
1460,REDH,1999,3,CF,2,I,0,U,390,2
1460,REDH,1999,3,CF,2,I,4,M,32013,182
1460,REDH,1999,3,CF,2,I,5,F,30637,173
1460,REDH,1999,4,PF,0,U,4,M,107,1
1460,REDH,1999,4,PF,1,A,4,M,5394,53
1460,REDH,1999,4,PF,1,A,5,F,3910,35
1460,REDH,1999,4,PF,2,I,4,M,4643,43
1460,REDH,1999,4,PF,2,I,5,F,2777,28
1460,REDH,2000,1,AF,0,U,4,M,385,4
1460,REDH,2000,1,AF,1,A,4,M,2851,27
1460,REDH,2000,1,AF,1,A,5,F,2095,18
1460,REDH,2000,1,AF,2,I,4,M,1194,10
1460,REDH,2000,1,AF,2,I,5,F,931,8
1460,REDH,2000,2,MF,0,U,4,M,345,1
1460,REDH,2000,2,MF,1,A,4,M,17616,58
1460,REDH,2000,2,MF,1,A,5,F,10455,34
1460,REDH,2000,2,MF,2,I,4,M,13909,48
1460,REDH,2000,2,MF,2,I,5,F,6282,22
1460,REDH,2000,3,CF,0,U,0,U,262,1
1460,REDH,2000,3,CF,1,A,4,M,44039,220
1460,REDH,2000,3,CF,1,A,5,F,16664,96
1460,REDH,2000,3,CF,2,I,4,M,15911,95
1460,REDH,2000,3,CF,2,I,5,F,9869,58
1460,REDH,2000,4,PF,1,A,4,M,5569,52
1460,REDH,2000,4,PF,1,A,5,F,2974,28
1460,REDH,2000,4,PF,2,I,4,M,3010,27
1460,REDH,2000,4,PF,2,I,5,F,3266,30
1460,REDH,2000,5,AK,1,A,5,F,164,2
1460,REDH,2001,1,AF,1,A,4,M,2447,20
1460,REDH,2001,1,AF,1,A,5,F,2559,17
1460,REDH,2001,1,AF,2,I,4,M,1573,14
1460,REDH,2001,1,AF,2,I,5,F,728,5
1460,REDH,2001,2,MF,0,U,0,U,861,3
1460,REDH,2001,2,MF,0,U,4,M,332,1
1460,REDH,2001,2,MF,0,U,5,F,189,1
1460,REDH,2001,2,MF,1,A,4,M,8893,33
1460,REDH,2001,2,MF,1,A,5,F,8393,32
1460,REDH,2001,2,MF,2,I,4,M,20734,73
1460,REDH,2001,2,MF,2,I,5,F,13321,48
1460,REDH,2001,3,CF,0,U,0,U,1712,5
1460,REDH,2001,3,CF,0,U,5,F,466,2
1460,REDH,2001,3,CF,1,A,4,M,39768,142
1460,REDH,2001,3,CF,1,A,5,F,13379,66
1460,REDH,2001,3,CF,2,I,0,U,342,1
1460,REDH,2001,3,CF,2,I,4,M,22275,115
1460,REDH,2001,3,CF,2,I,5,F,15268,79
1460,REDH,2001,4,PF,1,A,4,M,5810,62
1460,REDH,2001,4,PF,1,A,5,F,2323,26
1460,REDH,2001,4,PF,2,I,4,M,2123,22
1460,REDH,2001,4,PF,2,I,5,F,1448,16
1460,REDH,2002,1,AF,1,A,4,M,1200,15
1460,REDH,2002,1,AF,1,A,5,F,915,11
1460,REDH,2002,1,AF,2,I,5,F,209,2
1460,REDH,2002,2,MF,1,A,4,M,14066,45
1460,REDH,2002,2,MF,1,A,5,F,8694,28
1460,REDH,2002,2,MF,2,I,4,M,2624,10
1460,REDH,2002,2,MF,2,I,5,F,2180,8
1460,REDH,2002,3,CF,0,U,4,M,435,2
1460,REDH,2002,3,CF,1,A,4,M,14281,105
1460,REDH,2002,3,CF,1,A,5,F,9290,74
1460,REDH,2002,3,CF,2,I,4,M,2880,24
1460,REDH,2002,3,CF,2,I,5,F,2671,20
1460,REDH,2002,4,PF,1,A,4,M,2894,43
1460,REDH,2002,4,PF,1,A,5,F,2214,34
1460,REDH,2002,4,PF,2,I,0,U,69,1
1460,REDH,2002,4,PF,2,I,4,M,2235,29
1460,REDH,2002,4,PF,2,I,5,F,3299,44
1460,REDH,2002,5,AK,1,A,4,M,69,1
1460,REDH,2002,5,AK,2,I,4,M,69,1
1460,REDH,2002,5,AK,2,I,5,F,69,1
1460,REDH,2003,1,AF,0,U,4,M,77,1
1460,REDH,2003,1,AF,1,A,4,M,2742,29
1460,REDH,2003,1,AF,1,A,5,F,822,9
1460,REDH,2003,1,AF,2,I,4,M,870,10
1460,REDH,2003,1,AF,2,I,5,F,1059,11
1460,REDH,2003,2,MF,0,U,0,U,799,2
1460,REDH,2003,2,MF,0,U,4,M,188,1
1460,REDH,2003,2,MF,0,U,5,F,416,1
1460,REDH,2003,2,MF,1,A,4,M,7713,27
1460,REDH,2003,2,MF,1,A,5,F,5112,19
1460,REDH,2003,2,MF,2,I,4,M,10331,37
1460,REDH,2003,2,MF,2,I,5,F,9982,31
1460,REDH,2003,3,CF,1,A,4,M,7603,56
1460,REDH,2003,3,CF,1,A,5,F,5417,39
1460,REDH,2003,3,CF,2,I,4,M,11682,85
1460,REDH,2003,3,CF,2,I,5,F,9699,70
1460,REDH,2003,4,PF,0,U,0,U,358,3
1460,REDH,2003,4,PF,1,A,4,M,5244,59
1460,REDH,2003,4,PF,1,A,5,F,3099,37
1460,REDH,2003,4,PF,2,I,4,M,8225,94
1460,REDH,2003,4,PF,2,I,5,F,5840,62
1460,REDH,2003,5,AK,2,I,4,M,78,1
1460,REDH,2003,5,AK,2,I,5,F,78,1
1460,REDH,2004,1,AF,1,A,4,M,2425,28
1460,REDH,2004,1,AF,1,A,5,F,1606,18
1460,REDH,2004,1,AF,2,I,4,M,763,9
1460,REDH,2004,1,AF,2,I,5,F,402,4
1460,REDH,2004,2,MF,0,U,4,M,319,1
1460,REDH,2004,2,MF,0,U,5,F,220,1
1460,REDH,2004,2,MF,1,A,4,M,11652,40
1460,REDH,2004,2,MF,1,A,5,F,7732,29
1460,REDH,2004,2,MF,2,I,4,M,8173,32
1460,REDH,2004,2,MF,2,I,5,F,7239,26
1460,REDH,2004,3,CF,0,U,0,U,283,1
1460,REDH,2004,3,CF,1,A,4,M,13331,68
1460,REDH,2004,3,CF,1,A,5,F,5921,38
1460,REDH,2004,3,CF,2,I,4,M,10691,70
1460,REDH,2004,3,CF,2,I,5,F,4868,38
1460,REDH,2004,4,PF,0,U,0,U,75,1
1460,REDH,2004,4,PF,0,U,5,F,46,1
1460,REDH,2004,4,PF,1,A,4,M,5975,62
1460,REDH,2004,4,PF,1,A,5,F,2685,28
1460,REDH,2004,4,PF,2,I,4,M,8346,87
1460,REDH,2004,4,PF,2,I,5,F,5010,50
1460,REDH,2004,5,AK,2,I,4,M,81,1
1460,REDH,2005,1,AF,0,U,0,U,157,2
1460,REDH,2005,1,AF,1,A,4,M,1956,18
1460,REDH,2005,1,AF,1,A,5,F,913,8
1460,REDH,2005,1,AF,2,I,4,M,2834,36
1460,REDH,2005,1,AF,2,I,5,F,3431,40
1460,REDH,2005,2,MF,1,A,4,M,9190,39
1460,REDH,2005,2,MF,1,A,5,F,5772,25
1460,REDH,2005,2,MF,2,I,4,M,29127,120
1460,REDH,2005,2,MF,2,I,5,F,17963,75
1460,REDH,2005,3,CF,1,A,4,M,11737,61
1460,REDH,2005,3,CF,1,A,5,F,9400,55
1460,REDH,2005,3,CF,2,I,4,M,33326,205
1460,REDH,2005,3,CF,2,I,5,F,22221,126
1460,REDH,2005,4,PF,1,A,4,M,4715,53
1460,REDH,2005,4,PF,1,A,5,F,1927,20
1460,REDH,2005,4,PF,2,I,4,M,7572,89
1460,REDH,2005,4,PF,2,I,5,F,6416,72
1460,REDH,2005,5,AK,1,A,5,F,50,1
1460,REDH,2005,5,AK,2,I,4,M,50,1
1460,REDH,2005,5,AK,2,I,5,F,150,3
1460,REDH,2006,1,AF,1,A,4,M,369,5
1460,REDH,2006,1,AF,1,A,5,F,434,4
1460,REDH,2006,1,AF,2,I,4,M,726,7
1460,REDH,2006,1,AF,2,I,5,F,455,4
1460,REDH,2006,2,MF,0,U,0,U,945,3
1460,REDH,2006,2,MF,1,A,4,M,10333,40
1460,REDH,2006,2,MF,1,A,5,F,10342,43
1460,REDH,2006,2,MF,2,I,4,M,30822,111
1460,REDH,2006,2,MF,2,I,5,F,17058,64
1460,REDH,2006,3,CF,0,U,0,U,206,2
1460,REDH,2006,3,CF,0,U,4,M,161,2
1460,REDH,2006,3,CF,1,A,4,M,13194,70
1460,REDH,2006,3,CF,1,A,5,F,11999,82
1460,REDH,2006,3,CF,2,I,0,U,81,1
1460,REDH,2006,3,CF,2,I,4,M,30762,190
1460,REDH,2006,3,CF,2,I,5,F,22920,144
1460,REDH,2006,4,PF,1,A,4,M,7429,87
1460,REDH,2006,4,PF,1,A,5,F,3106,34
1460,REDH,2006,4,PF,2,I,4,M,9412,94
1460,REDH,2006,4,PF,2,I,5,F,6402,63
1460,REDH,2007,1,AF,0,U,0,U,118,1
1460,REDH,2007,1,AF,0,U,4,M,118,1
1460,REDH,2007,1,AF,1,A,4,M,2211,24
1460,REDH,2007,1,AF,1,A,5,F,621,6
1460,REDH,2007,1,AF,2,I,4,M,2380,25
1460,REDH,2007,1,AF,2,I,5,F,1787,18
1460,REDH,2007,2,MF,1,A,4,M,12342,48
1460,REDH,2007,2,MF,1,A,5,F,5934,23
1460,REDH,2007,2,MF,2,I,4,M,20321,73
1460,REDH,2007,2,MF,2,I,5,F,24430,92
1460,REDH,2007,3,CF,0,U,0,U,606,3
1460,REDH,2007,3,CF,1,A,4,M,18010,106
1460,REDH,2007,3,CF,1,A,5,F,8198,56
1460,REDH,2007,3,CF,2,I,0,U,239,1
1460,REDH,2007,3,CF,2,I,4,M,33009,205
1460,REDH,2007,3,CF,2,I,5,F,24748,157
1460,REDH,2007,4,PF,1,A,0,U,146,1
1460,REDH,2007,4,PF,1,A,4,M,5592,63
1460,REDH,2007,4,PF,1,A,5,F,2958,33
1460,REDH,2007,4,PF,2,I,4,M,6530,65
1460,REDH,2007,4,PF,2,I,5,F,3731,38
1460,REDH,2008,1,AF,0,U,0,U,105,1
1460,REDH,2008,1,AF,0,U,4,M,97,1
1460,REDH,2008,1,AF,1,A,4,M,4438,48
1460,REDH,2008,1,AF,1,A,5,F,1877,19
1460,REDH,2008,1,AF,2,I,4,M,465,5
1460,REDH,2008,1,AF,2,I,5,F,377,4
1460,REDH,2008,2,MF,1,A,4,M,15377,67
1460,REDH,2008,2,MF,1,A,5,F,10272,42
1460,REDH,2008,2,MF,2,I,4,M,7214,32
1460,REDH,2008,2,MF,2,I,5,F,10245,41
1460,REDH,2008,3,CF,0,U,0,U,196,1
1460,REDH,2008,3,CF,0,U,4,M,196,1
1460,REDH,2008,3,CF,1,A,4,M,22120,134
1460,REDH,2008,3,CF,1,A,5,F,10632,72
1460,REDH,2008,3,CF,2,I,0,U,101,1
1460,REDH,2008,3,CF,2,I,4,M,10859,72
1460,REDH,2008,3,CF,2,I,5,F,7336,52
1460,REDH,2008,4,PF,0,U,0,U,201,1
1460,REDH,2008,4,PF,0,U,4,M,32,1
1460,REDH,2008,4,PF,1,A,4,M,7337,73
1460,REDH,2008,4,PF,1,A,5,F,4119,34
1460,REDH,2008,4,PF,2,I,4,M,2958,31
1460,REDH,2008,4,PF,2,I,5,F,3027,25
1460,REDH,2008,5,AK,2,I,4,M,101,1
1460,REDH,2009,1,AF,1,A,4,M,6349,54
1460,REDH,2009,1,AF,1,A,5,F,2417,16
1460,REDH,2009,1,AF,2,I,4,M,1113,12
1460,REDH,2009,1,AF,2,I,5,F,2250,21
1460,REDH,2009,2,MF,0,U,0,U,214,1
1460,REDH,2009,2,MF,1,A,4,M,12715,64
1460,REDH,2009,2,MF,1,A,5,F,10054,49
1460,REDH,2009,2,MF,2,I,4,M,20344,79
1460,REDH,2009,2,MF,2,I,5,F,16534,65
1460,REDH,2009,3,CF,0,U,0,U,334,3
1460,REDH,2009,3,CF,0,U,4,M,108,1
1460,REDH,2009,3,CF,0,U,5,F,113,1
1460,REDH,2009,3,CF,1,A,4,M,18925,130
1460,REDH,2009,3,CF,1,A,5,F,12112,89
1460,REDH,2009,3,CF,2,I,0,U,111,1
1460,REDH,2009,3,CF,2,I,4,M,22826,167
1460,REDH,2009,3,CF,2,I,5,F,25446,186
1460,REDH,2009,4,PF,0,U,4,M,113,1
1460,REDH,2009,4,PF,0,U,5,F,70,1
1460,REDH,2009,4,PF,1,A,4,M,6620,61
1460,REDH,2009,4,PF,1,A,5,F,3746,34
1460,REDH,2009,4,PF,2,I,4,M,3224,27
1460,REDH,2009,4,PF,2,I,5,F,4076,35
1460,REDH,2010,1,AF,0,U,0,U,131,1
1460,REDH,2010,1,AF,1,A,4,M,5475,56
1460,REDH,2010,1,AF,1,A,5,F,2703,20
1460,REDH,2010,1,AF,2,I,0,U,131,1
1460,REDH,2010,1,AF,2,I,4,M,6950,44
1460,REDH,2010,1,AF,2,I,5,F,8738,56
1460,REDH,2010,2,MF,0,U,5,F,172,1
1460,REDH,2010,2,MF,1,A,4,M,7302,39
1460,REDH,2010,2,MF,1,A,5,F,7132,35
1460,REDH,2010,2,MF,2,I,4,M,50870,204
1460,REDH,2010,2,MF,2,I,5,F,43527,169
1460,REDH,2010,3,CF,0,U,5,F,790,5
1460,REDH,2010,3,CF,1,A,4,M,13714,87
1460,REDH,2010,3,CF,1,A,5,F,6204,50
1460,REDH,2010,3,CF,2,I,0,U,108,1
1460,REDH,2010,3,CF,2,I,4,M,38211,257
1460,REDH,2010,3,CF,2,I,5,F,30770,216
1460,REDH,2010,4,PF,0,U,5,F,95,1
1460,REDH,2010,4,PF,1,A,4,M,5431,44
1460,REDH,2010,4,PF,1,A,5,F,3835,25
1460,REDH,2010,4,PF,2,I,4,M,5946,47
1460,REDH,2010,4,PF,2,I,5,F,5840,53
1460,REDH,2011,1,AF,1,A,4,M,2167,17
1460,REDH,2011,1,AF,1,A,5,F,828,4
1460,REDH,2011,1,AF,2,I,4,M,1470,12
1460,REDH,2011,1,AF,2,I,5,F,5428,24
1460,REDH,2011,2,MF,0,U,0,U,1114,5
1460,REDH,2011,2,MF,0,U,4,M,223,1
1460,REDH,2011,2,MF,0,U,5,F,278,1
1460,REDH,2011,2,MF,1,A,4,M,18690,64
1460,REDH,2011,2,MF,1,A,5,F,9182,29
1460,REDH,2011,2,MF,2,I,0,U,604,1
1460,REDH,2011,2,MF,2,I,4,M,65488,190
1460,REDH,2011,2,MF,2,I,5,F,59647,173
1460,REDH,2011,3,CF,0,U,0,U,662,4
1460,REDH,2011,3,CF,0,U,4,M,122,1
1460,REDH,2011,3,CF,1,A,4,M,29042,125
1460,REDH,2011,3,CF,1,A,5,F,9756,48
1460,REDH,2011,3,CF,2,I,0,U,844,4
1460,REDH,2011,3,CF,2,I,4,M,43750,221
1460,REDH,2011,3,CF,2,I,5,F,38800,192
1460,REDH,2011,4,PF,0,U,0,U,115,2
1460,REDH,2011,4,PF,1,A,4,M,7384,48
1460,REDH,2011,4,PF,1,A,5,F,2171,15
1460,REDH,2011,4,PF,2,I,4,M,13320,88
1460,REDH,2011,4,PF,2,I,5,F,10146,73
1460,REDH,2011,5,AK,2,I,4,M,187,2
1460,REDH,2012,1,AF,0,U,0,U,90,1
1460,REDH,2012,1,AF,1,A,0,U,451,2
1460,REDH,2012,1,AF,1,A,4,M,5807,27
1460,REDH,2012,1,AF,1,A,5,F,3810,21
1460,REDH,2012,1,AF,2,I,4,M,5529,30
1460,REDH,2012,1,AF,2,I,5,F,3707,20
1460,REDH,2012,2,MF,0,U,0,U,1657,3
1460,REDH,2012,2,MF,1,A,4,M,20999,64
1460,REDH,2012,2,MF,1,A,5,F,8673,27
1460,REDH,2012,2,MF,2,I,4,M,42221,125
1460,REDH,2012,2,MF,2,I,5,F,25630,79
1460,REDH,2012,3,CF,0,U,0,U,927,4
1460,REDH,2012,3,CF,0,U,4,M,162,1
1460,REDH,2012,3,CF,0,U,5,F,728,3
1460,REDH,2012,3,CF,1,A,4,M,35867,151
1460,REDH,2012,3,CF,1,A,5,F,18036,78
1460,REDH,2012,3,CF,2,I,0,U,940,4
1460,REDH,2012,3,CF,2,I,4,M,45205,201
1460,REDH,2012,3,CF,2,I,5,F,35492,149
1460,REDH,2012,4,PF,0,U,0,U,133,1
1460,REDH,2012,4,PF,1,A,4,M,10182,69
1460,REDH,2012,4,PF,1,A,5,F,3811,24
1460,REDH,2012,4,PF,2,I,4,M,7182,47
1460,REDH,2012,4,PF,2,I,5,F,8525,47
1460,REDH,2013,1,AF,0,U,0,U,88,1
1460,REDH,2013,1,AF,1,A,4,M,10007,84
1460,REDH,2013,1,AF,1,A,5,F,4530,36
1460,REDH,2013,1,AF,2,I,4,M,12971,97
1460,REDH,2013,1,AF,2,I,5,F,8305,58
1460,REDH,2013,2,MF,0,U,0,U,424,2
1460,REDH,2013,2,MF,0,U,4,M,477,2
1460,REDH,2013,2,MF,1,A,4,M,18281,65
1460,REDH,2013,2,MF,1,A,5,F,12526,41
1460,REDH,2013,2,MF,2,I,4,M,57403,186
1460,REDH,2013,2,MF,2,I,5,F,32488,99
1460,REDH,2013,3,CF,0,U,0,U,230,1
1460,REDH,2013,3,CF,0,U,4,M,937,5
1460,REDH,2013,3,CF,0,U,5,F,1609,7
1460,REDH,2013,3,CF,1,A,4,M,24194,132
1460,REDH,2013,3,CF,1,A,5,F,16319,99
1460,REDH,2013,3,CF,2,I,0,U,230,2
1460,REDH,2013,3,CF,2,I,4,M,57784,335
1460,REDH,2013,3,CF,2,I,5,F,33156,200
1460,REDH,2013,4,PF,0,U,0,U,74,1
1460,REDH,2013,4,PF,1,A,4,M,4593,40
1460,REDH,2013,4,PF,1,A,5,F,1857,16
1460,REDH,2013,4,PF,2,I,4,M,6498,56
1460,REDH,2013,4,PF,2,I,5,F,5220,43
1460,REDH,2014,1,AF,1,A,4,M,4966,42
1460,REDH,2014,1,AF,1,A,5,F,4322,34
1460,REDH,2014,1,AF,2,I,4,M,9994,79
1460,REDH,2014,1,AF,2,I,5,F,8037,66
1460,REDH,2014,2,MF,0,U,0,U,1932,7
1460,REDH,2014,2,MF,0,U,4,M,852,3
1460,REDH,2014,2,MF,0,U,5,F,576,2
1460,REDH,2014,2,MF,1,A,4,M,16794,57
1460,REDH,2014,2,MF,1,A,5,F,14043,46
1460,REDH,2014,2,MF,2,I,0,U,514,2
1460,REDH,2014,2,MF,2,I,4,M,54695,195
1460,REDH,2014,2,MF,2,I,5,F,33464,119
1460,REDH,2014,3,CF,0,U,0,U,1108,7
1460,REDH,2014,3,CF,0,U,4,M,455,3
1460,REDH,2014,3,CF,1,A,4,M,25758,168
1460,REDH,2014,3,CF,1,A,5,F,13139,94
1460,REDH,2014,3,CF,2,I,4,M,74565,473
1460,REDH,2014,3,CF,2,I,5,F,49640,324
1460,REDH,2014,4,PF,0,U,0,U,361,3
1460,REDH,2014,4,PF,1,A,4,M,4697,45
1460,REDH,2014,4,PF,1,A,5,F,2215,19
1460,REDH,2014,4,PF,2,I,4,M,5994,55
1460,REDH,2014,4,PF,2,I,5,F,3613,38
1460,REDH,2015,1,AF,1,A,4,M,9328,74
1460,REDH,2015,1,AF,1,A,5,F,4936,34
1460,REDH,2015,1,AF,2,I,0,U,179,1
1460,REDH,2015,1,AF,2,I,4,M,5383,44
1460,REDH,2015,1,AF,2,I,5,F,6343,49
1460,REDH,2015,2,MF,0,U,0,U,770,5
1460,REDH,2015,2,MF,0,U,4,M,950,4
1460,REDH,2015,2,MF,0,U,5,F,276,1
1460,REDH,2015,2,MF,1,A,4,M,16292,65
1460,REDH,2015,2,MF,1,A,5,F,11822,49
1460,REDH,2015,2,MF,2,I,4,M,32278,131
1460,REDH,2015,2,MF,2,I,5,F,23825,106
1460,REDH,2015,3,CF,0,U,0,U,110,1
1460,REDH,2015,3,CF,0,U,4,M,331,3
1460,REDH,2015,3,CF,0,U,5,F,547,5
1460,REDH,2015,3,CF,1,A,4,M,34599,311
1460,REDH,2015,3,CF,1,A,5,F,12608,110
1460,REDH,2015,3,CF,2,I,4,M,38144,340
1460,REDH,2015,3,CF,2,I,5,F,24439,217
1460,REDH,2015,4,PF,0,U,4,M,170,1
1460,REDH,2015,4,PF,1,A,4,M,5252,42
1460,REDH,2015,4,PF,1,A,5,F,2255,19
1460,REDH,2015,4,PF,2,I,4,M,2423,18
1460,REDH,2015,4,PF,2,I,5,F,1382,14
1460,REDH,2016,1,AF,0,U,0,U,732,7
1460,REDH,2016,1,AF,0,U,4,M,344,2
1460,REDH,2016,1,AF,1,A,4,M,7379,66
1460,REDH,2016,1,AF,1,A,5,F,3500,23
1460,REDH,2016,1,AF,2,I,4,M,4586,34
1460,REDH,2016,1,AF,2,I,5,F,3200,28
1460,REDH,2016,2,MF,0,U,0,U,420,2
1460,REDH,2016,2,MF,0,U,4,M,564,2
1460,REDH,2016,2,MF,0,U,5,F,205,1
1460,REDH,2016,2,MF,1,A,4,M,16833,62
1460,REDH,2016,2,MF,1,A,5,F,11030,44
1460,REDH,2016,2,MF,2,I,4,M,16598,66
1460,REDH,2016,2,MF,2,I,5,F,14672,66
1460,REDH,2016,3,CF,0,U,0,U,119,1
1460,REDH,2016,3,CF,1,A,4,M,31812,214
1460,REDH,2016,3,CF,1,A,5,F,20218,146
1460,REDH,2016,3,CF,2,I,4,M,20919,147
1460,REDH,2016,3,CF,2,I,5,F,14391,101
1460,REDH,2016,4,PF,0,U,0,U,250,2
1460,REDH,2016,4,PF,1,A,4,M,4870,40
1460,REDH,2016,4,PF,1,A,5,F,2669,21
1460,REDH,2016,4,PF,2,I,4,M,3457,26
1460,REDH,2016,4,PF,2,I,5,F,2012,18
1460,REDH,2017,1,AF,0,U,0,U,141,1
1460,REDH,2017,1,AF,1,A,4,M,9325,91
1460,REDH,2017,1,AF,1,A,5,F,4156,34
1460,REDH,2017,1,AF,2,I,4,M,5403,44
1460,REDH,2017,1,AF,2,I,5,F,4784,41
1460,REDH,2017,2,MF,1,A,4,M,16624,78
1460,REDH,2017,2,MF,1,A,5,F,9089,49
1460,REDH,2017,2,MF,2,I,0,U,594,3
1460,REDH,2017,2,MF,2,I,4,M,21051,105
1460,REDH,2017,2,MF,2,I,5,F,9990,52
1460,REDH,2017,3,CF,0,U,0,U,298,2
1460,REDH,2017,3,CF,0,U,4,M,179,2
1460,REDH,2017,3,CF,1,A,4,M,20198,127
1460,REDH,2017,3,CF,1,A,5,F,14498,115
1460,REDH,2017,3,CF,2,I,4,M,26130,178
1460,REDH,2017,3,CF,2,I,5,F,23441,149
1460,REDH,2017,4,PF,0,U,0,U,21,1
1460,REDH,2017,4,PF,0,U,4,M,75,1
1460,REDH,2017,4,PF,1,A,4,M,4227,44
1460,REDH,2017,4,PF,1,A,5,F,1348,16
1460,REDH,2017,4,PF,2,I,4,M,5074,50
1460,REDH,2017,4,PF,2,I,5,F,4250,43
1460,REDH,2018,1,AF,1,A,4,M,11849,131
1460,REDH,2018,1,AF,1,A,5,F,5707,44
1460,REDH,2018,1,AF,2,I,4,M,4029,35
1460,REDH,2018,1,AF,2,I,5,F,4332,30
1460,REDH,2018,2,MF,0,U,0,U,265,1
1460,REDH,2018,2,MF,0,U,5,F,87,1
1460,REDH,2018,2,MF,1,A,4,M,20457,88
1460,REDH,2018,2,MF,1,A,5,F,8351,43
1460,REDH,2018,2,MF,2,I,4,M,18411,100
1460,REDH,2018,2,MF,2,I,5,F,12623,78
1460,REDH,2018,3,CF,0,U,0,U,504,4
1460,REDH,2018,3,CF,0,U,4,M,262,2
1460,REDH,2018,3,CF,1,A,4,M,13623,113
1460,REDH,2018,3,CF,1,A,5,F,9765,100
1460,REDH,2018,3,CF,2,I,4,M,24735,217
1460,REDH,2018,3,CF,2,I,5,F,17167,160
1460,REDH,2018,4,PF,1,A,4,M,5307,56
1460,REDH,2018,4,PF,1,A,5,F,1376,16
1460,REDH,2018,4,PF,2,I,4,M,4269,47
1460,REDH,2018,4,PF,2,I,5,F,4193,42
1460,REDH,2019,1,AF,0,U,4,M,202,1
1460,REDH,2019,1,AF,0,U,5,F,75,1
1460,REDH,2019,1,AF,1,A,4,M,6059,55
1460,REDH,2019,1,AF,1,A,5,F,4578,33
1460,REDH,2019,1,AF,2,I,4,M,4969,39
1460,REDH,2019,1,AF,2,I,5,F,3252,27
1460,REDH,2019,2,MF,0,U,0,U,110,1
1460,REDH,2019,2,MF,1,A,4,M,10285,58
1460,REDH,2019,2,MF,1,A,5,F,8143,44
1460,REDH,2019,2,MF,2,I,0,U,110,1
1460,REDH,2019,2,MF,2,I,4,M,19841,118
1460,REDH,2019,2,MF,2,I,5,F,13810,89
1460,REDH,2019,3,CF,0,U,0,U,534,5
1460,REDH,2019,3,CF,0,U,4,M,234,2
1460,REDH,2019,3,CF,0,U,5,F,227,2
1460,REDH,2019,3,CF,1,A,4,M,22766,201
1460,REDH,2019,3,CF,1,A,5,F,12353,123
1460,REDH,2019,3,CF,2,I,0,U,85,1
1460,REDH,2019,3,CF,2,I,4,M,38008,369
1460,REDH,2019,3,CF,2,I,5,F,25566,247
1460,REDH,2019,4,PF,0,U,4,M,153,2
1460,REDH,2019,4,PF,0,U,5,F,83,1
1460,REDH,2019,4,PF,1,A,4,M,3243,41
1460,REDH,2019,4,PF,1,A,5,F,1036,15
1460,REDH,2019,4,PF,2,I,0,U,83,1
1460,REDH,2019,4,PF,2,I,4,M,6973,98
1460,REDH,2019,4,PF,2,I,5,F,6013,82
1470,CANV,1961,1,AF,2,I,4,M,64,1
1470,CANV,1961,1,AF,2,I,5,F,84,1
1470,CANV,1961,2,MF,2,I,5,F,194,2
1470,CANV,1961,3,CF,1,A,5,F,64,1
1470,CANV,1961,3,CF,2,I,4,M,258,1
1470,CANV,1961,4,PF,1,A,4,M,143,1
1470,CANV,1961,4,PF,1,A,5,F,129,1
1470,CANV,1961,4,PF,2,I,4,M,193,2
1470,CANV,1961,4,PF,2,I,5,F,1653,6
1470,CANV,1962,1,AF,0,U,0,U,101,1
1470,CANV,1962,1,AF,1,A,5,F,121,3
1470,CANV,1962,1,AF,2,I,4,M,35,1
1470,CANV,1962,2,MF,1,A,5,F,66,2
1470,CANV,1962,2,MF,2,I,4,M,18,1
1470,CANV,1962,3,CF,2,I,4,M,127,2
1470,CANV,1962,4,PF,2,I,4,M,298,3
1470,CANV,1962,4,PF,2,I,5,F,81,1
1470,CANV,1963,1,AF,1,A,4,M,86,1
1470,CANV,1963,1,AF,1,A,5,F,127,2
1470,CANV,1963,1,AF,2,I,5,F,69,1
1470,CANV,1963,2,MF,2,I,4,M,112,1
1470,CANV,1963,2,MF,2,I,5,F,65,1
1470,CANV,1963,3,CF,1,A,4,M,63,1
1470,CANV,1963,3,CF,1,A,5,F,59,1
1470,CANV,1963,3,CF,2,I,4,M,63,1
1470,CANV,1963,3,CF,2,I,5,F,87,2
1470,CANV,1963,4,PF,1,A,4,M,112,1
1470,CANV,1963,4,PF,2,I,4,M,103,2
1470,CANV,1963,4,PF,2,I,5,F,366,4
1470,CANV,1964,1,AF,0,U,0,U,355,8
1470,CANV,1964,1,AF,0,U,5,F,54,1
1470,CANV,1964,1,AF,1,A,0,U,40,1
1470,CANV,1964,1,AF,1,A,4,M,10248,204
1470,CANV,1964,1,AF,1,A,5,F,4066,86
1470,CANV,1964,1,AF,2,I,0,U,86,2
1470,CANV,1964,1,AF,2,I,4,M,8524,173
1470,CANV,1964,1,AF,2,I,5,F,5997,121
1470,CANV,1964,2,MF,0,U,0,U,399,6
1470,CANV,1964,2,MF,0,U,4,M,52,1
1470,CANV,1964,2,MF,0,U,5,F,325,3
1470,CANV,1964,2,MF,1,A,4,M,8349,100
1470,CANV,1964,2,MF,1,A,5,F,6076,64
1470,CANV,1964,2,MF,2,I,4,M,11887,128
1470,CANV,1964,2,MF,2,I,5,F,8995,98
1470,CANV,1964,3,CF,0,U,0,U,175,3
1470,CANV,1964,3,CF,1,A,4,M,3794,53
1470,CANV,1964,3,CF,1,A,5,F,3041,53
1470,CANV,1964,3,CF,2,I,0,U,27,1
1470,CANV,1964,3,CF,2,I,4,M,2887,57
1470,CANV,1964,3,CF,2,I,5,F,3920,71
1470,CANV,1964,4,PF,0,U,0,U,228,2
1470,CANV,1964,4,PF,0,U,5,F,134,1
1470,CANV,1964,4,PF,1,A,4,M,2979,32
1470,CANV,1964,4,PF,1,A,5,F,2261,27
1470,CANV,1964,4,PF,2,I,4,M,4272,44
1470,CANV,1964,4,PF,2,I,5,F,3854,42
1470,CANV,1965,1,AF,0,U,0,U,736,14
1470,CANV,1965,1,AF,1,A,4,M,8695,173
1470,CANV,1965,1,AF,1,A,5,F,3654,73
1470,CANV,1965,1,AF,2,I,4,M,6728,132
1470,CANV,1965,1,AF,2,I,5,F,5269,107
1470,CANV,1965,2,MF,0,U,0,U,752,3
1470,CANV,1965,2,MF,1,A,4,M,9575,66
1470,CANV,1965,2,MF,1,A,5,F,8197,39
1470,CANV,1965,2,MF,2,I,4,M,17918,85
1470,CANV,1965,2,MF,2,I,5,F,13013,65
1470,CANV,1965,3,CF,1,A,4,M,3718,23
1470,CANV,1965,3,CF,1,A,5,F,4921,32
1470,CANV,1965,3,CF,2,I,4,M,6866,50
1470,CANV,1965,3,CF,2,I,5,F,7181,59
1470,CANV,1965,4,PF,0,U,0,U,616,3
1470,CANV,1965,4,PF,0,U,5,F,265,1
1470,CANV,1965,4,PF,1,A,4,M,1792,11
1470,CANV,1965,4,PF,1,A,5,F,1590,8
1470,CANV,1965,4,PF,2,I,4,M,6240,37
1470,CANV,1965,4,PF,2,I,5,F,3660,27
1470,CANV,1966,1,AF,0,U,0,U,126,3
1470,CANV,1966,1,AF,0,U,4,M,59,1
1470,CANV,1966,1,AF,1,A,4,M,14940,183
1470,CANV,1966,1,AF,1,A,5,F,7872,97
1470,CANV,1966,1,AF,2,I,4,M,16584,225
1470,CANV,1966,1,AF,2,I,5,F,11059,142
1470,CANV,1966,2,MF,0,U,0,U,1875,9
1470,CANV,1966,2,MF,1,A,4,M,13051,56
1470,CANV,1966,2,MF,1,A,5,F,7544,41
1470,CANV,1966,2,MF,2,I,0,U,196,2
1470,CANV,1966,2,MF,2,I,4,M,22044,141
1470,CANV,1966,2,MF,2,I,5,F,15917,94
1470,CANV,1966,3,CF,0,U,0,U,102,1
1470,CANV,1966,3,CF,0,U,5,F,217,1
1470,CANV,1966,3,CF,1,A,0,U,95,1
1470,CANV,1966,3,CF,1,A,4,M,6628,43
1470,CANV,1966,3,CF,1,A,5,F,4559,30
1470,CANV,1966,3,CF,2,I,4,M,16003,105
1470,CANV,1966,3,CF,2,I,5,F,13372,99
1470,CANV,1966,4,PF,0,U,0,U,949,5
1470,CANV,1966,4,PF,0,U,4,M,150,1
1470,CANV,1966,4,PF,0,U,5,F,213,1
1470,CANV,1966,4,PF,1,A,4,M,11070,55
1470,CANV,1966,4,PF,1,A,5,F,10057,55
1470,CANV,1966,4,PF,2,I,4,M,24089,142
1470,CANV,1966,4,PF,2,I,5,F,20265,114
1470,CANV,1966,5,AK,2,I,4,M,197,2
1470,CANV,1967,1,AF,0,U,0,U,393,4
1470,CANV,1967,1,AF,1,A,4,M,5963,64
1470,CANV,1967,1,AF,1,A,5,F,2607,31
1470,CANV,1967,1,AF,2,I,4,M,6302,76
1470,CANV,1967,1,AF,2,I,5,F,5818,59
1470,CANV,1967,2,MF,0,U,0,U,1163,7
1470,CANV,1967,2,MF,1,A,4,M,11067,55
1470,CANV,1967,2,MF,1,A,5,F,5568,30
1470,CANV,1967,2,MF,2,I,4,M,17403,77
1470,CANV,1967,2,MF,2,I,5,F,10840,48
1470,CANV,1967,3,CF,0,U,0,U,391,2
1470,CANV,1967,3,CF,1,A,4,M,2957,21
1470,CANV,1967,3,CF,1,A,5,F,2895,19
1470,CANV,1967,3,CF,2,I,0,U,215,1
1470,CANV,1967,3,CF,2,I,4,M,8691,55
1470,CANV,1967,3,CF,2,I,5,F,6921,49
1470,CANV,1967,4,PF,0,U,0,U,267,1
1470,CANV,1967,4,PF,1,A,4,M,4935,27
1470,CANV,1967,4,PF,1,A,5,F,4402,25
1470,CANV,1967,4,PF,2,I,4,M,10635,60
1470,CANV,1967,4,PF,2,I,5,F,7626,54
1470,CANV,1967,5,AK,2,I,4,M,67,1
1470,CANV,1968,1,AF,0,U,0,U,631,6
1470,CANV,1968,1,AF,1,A,4,M,5339,48
1470,CANV,1968,1,AF,1,A,5,F,1966,16
1470,CANV,1968,1,AF,2,I,4,M,2265,22
1470,CANV,1968,1,AF,2,I,5,F,3443,34
1470,CANV,1968,2,MF,0,U,0,U,860,5
1470,CANV,1968,2,MF,1,A,4,M,5553,42
1470,CANV,1968,2,MF,1,A,5,F,5391,38
1470,CANV,1968,2,MF,2,I,4,M,4898,31
1470,CANV,1968,2,MF,2,I,5,F,4965,33
1470,CANV,1968,3,CF,0,U,5,F,98,1
1470,CANV,1968,3,CF,1,A,4,M,2376,23
1470,CANV,1968,3,CF,1,A,5,F,1449,14
1470,CANV,1968,3,CF,2,I,4,M,1574,16
1470,CANV,1968,3,CF,2,I,5,F,1299,9
1470,CANV,1968,4,PF,0,U,0,U,164,1
1470,CANV,1968,4,PF,1,A,4,M,6112,36
1470,CANV,1968,4,PF,1,A,5,F,3673,26
1470,CANV,1968,4,PF,2,I,4,M,3648,22
1470,CANV,1968,4,PF,2,I,5,F,4397,25
1470,CANV,1968,5,AK,2,I,5,F,39,1
1470,CANV,1969,1,AF,0,U,0,U,469,4
1470,CANV,1969,1,AF,1,A,4,M,13764,115
1470,CANV,1969,1,AF,1,A,5,F,6762,55
1470,CANV,1969,1,AF,2,I,4,M,12520,102
1470,CANV,1969,1,AF,2,I,5,F,7843,60
1470,CANV,1969,2,MF,0,U,0,U,709,5
1470,CANV,1969,2,MF,1,A,4,M,5647,28
1470,CANV,1969,2,MF,1,A,5,F,1926,9
1470,CANV,1969,2,MF,2,I,4,M,11372,53
1470,CANV,1969,2,MF,2,I,5,F,7396,35
1470,CANV,1969,3,CF,0,U,0,U,226,4
1470,CANV,1969,3,CF,1,A,4,M,5049,22
1470,CANV,1969,3,CF,1,A,5,F,4554,21
1470,CANV,1969,3,CF,2,I,4,M,10914,67
1470,CANV,1969,3,CF,2,I,5,F,10597,57
1470,CANV,1969,4,PF,0,U,0,U,176,1
1470,CANV,1969,4,PF,1,A,4,M,3510,19
1470,CANV,1969,4,PF,1,A,5,F,3329,20
1470,CANV,1969,4,PF,2,I,4,M,10278,61
1470,CANV,1969,4,PF,2,I,5,F,8690,62
1470,CANV,1969,5,AK,2,I,4,M,138,3
1470,CANV,1969,5,AK,2,I,5,F,135,3
1470,CANV,1970,1,AF,0,U,0,U,124,1
1470,CANV,1970,1,AF,1,A,4,M,3444,27
1470,CANV,1970,1,AF,1,A,5,F,3099,23
1470,CANV,1970,1,AF,2,I,4,M,5960,50
1470,CANV,1970,1,AF,2,I,5,F,5174,37
1470,CANV,1970,2,MF,0,U,0,U,947,4
1470,CANV,1970,2,MF,1,A,4,M,7792,41
1470,CANV,1970,2,MF,1,A,5,F,4285,21
1470,CANV,1970,2,MF,2,I,4,M,12688,54
1470,CANV,1970,2,MF,2,I,5,F,14380,66
1470,CANV,1970,3,CF,0,U,0,U,121,1
1470,CANV,1970,3,CF,1,A,4,M,3484,27
1470,CANV,1970,3,CF,1,A,5,F,4019,24
1470,CANV,1970,3,CF,2,I,4,M,7794,55
1470,CANV,1970,3,CF,2,I,5,F,5030,37
1470,CANV,1970,4,PF,0,U,0,U,322,1
1470,CANV,1970,4,PF,0,U,4,M,53,1
1470,CANV,1970,4,PF,1,A,4,M,10714,45
1470,CANV,1970,4,PF,1,A,5,F,9584,38
1470,CANV,1970,4,PF,2,I,4,M,19007,82
1470,CANV,1970,4,PF,2,I,5,F,15688,74
1470,CANV,1970,5,AK,1,A,5,F,46,1
1470,CANV,1970,5,AK,2,I,4,M,231,5
1470,CANV,1970,5,AK,2,I,5,F,185,4
1470,CANV,1971,1,AF,0,U,0,U,827,9
1470,CANV,1971,1,AF,1,A,4,M,9680,101
1470,CANV,1971,1,AF,1,A,5,F,5880,54
1470,CANV,1971,1,AF,2,I,4,M,8004,68
1470,CANV,1971,1,AF,2,I,5,F,6740,54
1470,CANV,1971,2,MF,1,A,4,M,7968,37
1470,CANV,1971,2,MF,1,A,5,F,3940,17
1470,CANV,1971,2,MF,2,I,4,M,13036,56
1470,CANV,1971,2,MF,2,I,5,F,10249,39
1470,CANV,1971,3,CF,0,U,0,U,378,2
1470,CANV,1971,3,CF,1,A,4,M,3489,18
1470,CANV,1971,3,CF,1,A,5,F,1887,10
1470,CANV,1971,3,CF,2,I,4,M,4963,31
1470,CANV,1971,3,CF,2,I,5,F,3478,20
1470,CANV,1971,4,PF,0,U,0,U,72,1
1470,CANV,1971,4,PF,1,A,4,M,12440,60
1470,CANV,1971,4,PF,1,A,5,F,9030,42
1470,CANV,1971,4,PF,2,I,4,M,16930,85
1470,CANV,1971,4,PF,2,I,5,F,16305,74
1470,CANV,1971,5,AK,2,I,5,F,118,1
1470,CANV,1972,1,AF,1,A,4,M,226,1
1470,CANV,1972,2,MF,1,A,4,M,494,1
1470,CANV,1972,2,MF,2,I,4,M,435,1
1470,CANV,1972,3,CF,0,U,0,U,99,1
1470,CANV,1972,3,CF,1,A,4,M,65,1
1470,CANV,1972,3,CF,2,I,4,M,404,2
1470,CANV,1972,4,PF,1,A,4,M,308,1
1470,CANV,1972,4,PF,2,I,4,M,61,1
1470,CANV,1972,4,PF,2,I,5,F,1675,7
1470,CANV,1972,5,AK,1,A,5,F,42,1
1470,CANV,1972,5,AK,2,I,4,M,230,5
1470,CANV,1972,5,AK,2,I,5,F,42,1
1470,CANV,1973,1,AF,2,I,5,F,224,2
1470,CANV,1973,2,MF,0,U,0,U,543,2
1470,CANV,1973,2,MF,1,A,4,M,4194,18
1470,CANV,1973,2,MF,1,A,5,F,3895,15
1470,CANV,1973,2,MF,2,I,4,M,4432,23
1470,CANV,1973,2,MF,2,I,5,F,1558,9
1470,CANV,1973,3,CF,1,A,4,M,1732,11
1470,CANV,1973,3,CF,1,A,5,F,856,5
1470,CANV,1973,3,CF,2,I,4,M,2739,16
1470,CANV,1973,3,CF,2,I,5,F,1993,15
1470,CANV,1973,4,PF,0,U,0,U,135,1
1470,CANV,1973,4,PF,1,A,4,M,2654,12
1470,CANV,1973,4,PF,1,A,5,F,4082,19
1470,CANV,1973,4,PF,2,I,4,M,7669,36
1470,CANV,1973,4,PF,2,I,5,F,8521,38
1470,CANV,1973,5,AK,2,I,5,F,111,2
1470,CANV,1974,1,AF,1,A,5,F,81,1
1470,CANV,1974,1,AF,2,I,5,F,608,3
1470,CANV,1974,2,MF,0,U,0,U,850,4
1470,CANV,1974,2,MF,1,A,4,M,3899,12
1470,CANV,1974,2,MF,1,A,5,F,2564,14
1470,CANV,1974,2,MF,2,I,4,M,4243,15
1470,CANV,1974,2,MF,2,I,5,F,4557,21
1470,CANV,1974,3,CF,0,U,0,U,805,1
1470,CANV,1974,3,CF,1,A,4,M,2017,16
1470,CANV,1974,3,CF,1,A,5,F,3246,21
1470,CANV,1974,3,CF,2,I,4,M,6723,33
1470,CANV,1974,3,CF,2,I,5,F,6489,32
1470,CANV,1974,4,PF,0,U,0,U,550,3
1470,CANV,1974,4,PF,1,A,4,M,5352,26
1470,CANV,1974,4,PF,1,A,5,F,4490,22
1470,CANV,1974,4,PF,2,I,4,M,11962,61
1470,CANV,1974,4,PF,2,I,5,F,16412,88
1470,CANV,1974,5,AK,2,I,4,M,253,6
1470,CANV,1974,5,AK,2,I,5,F,157,4
1470,CANV,1975,1,AF,1,A,4,M,96,1
1470,CANV,1975,1,AF,1,A,5,F,136,1
1470,CANV,1975,1,AF,2,I,4,M,686,5
1470,CANV,1975,1,AF,2,I,5,F,710,8
1470,CANV,1975,2,MF,0,U,0,U,795,1
1470,CANV,1975,2,MF,0,U,5,F,143,1
1470,CANV,1975,2,MF,1,A,4,M,4357,22
1470,CANV,1975,2,MF,1,A,5,F,5414,17
1470,CANV,1975,2,MF,2,I,4,M,7833,51
1470,CANV,1975,2,MF,2,I,5,F,12016,68
1470,CANV,1975,3,CF,0,U,4,M,146,1
1470,CANV,1975,3,CF,1,A,4,M,2895,20
1470,CANV,1975,3,CF,1,A,5,F,2537,14
1470,CANV,1975,3,CF,2,I,4,M,4980,36
1470,CANV,1975,3,CF,2,I,5,F,5339,34
1470,CANV,1975,4,PF,0,U,0,U,291,2
1470,CANV,1975,4,PF,1,A,4,M,11149,58
1470,CANV,1975,4,PF,1,A,5,F,6453,39
1470,CANV,1975,4,PF,2,I,4,M,13275,82
1470,CANV,1975,4,PF,2,I,5,F,14491,95
1470,CANV,1975,5,AK,1,A,5,F,34,1
1470,CANV,1975,5,AK,2,I,4,M,128,3
1470,CANV,1975,5,AK,2,I,5,F,34,1
1470,CANV,1976,1,AF,0,U,0,U,248,2
1470,CANV,1976,1,AF,1,A,4,M,3790,36
1470,CANV,1976,1,AF,1,A,5,F,5026,43
1470,CANV,1976,1,AF,2,I,4,M,6267,56
1470,CANV,1976,1,AF,2,I,5,F,7892,62
1470,CANV,1976,2,MF,0,U,0,U,87,1
1470,CANV,1976,2,MF,1,A,4,M,8783,36
1470,CANV,1976,2,MF,1,A,5,F,7156,27
1470,CANV,1976,2,MF,2,I,4,M,7582,33
1470,CANV,1976,2,MF,2,I,5,F,10300,44
1470,CANV,1976,3,CF,1,A,4,M,2671,17
1470,CANV,1976,3,CF,1,A,5,F,3881,22
1470,CANV,1976,3,CF,2,I,4,M,5503,33
1470,CANV,1976,3,CF,2,I,5,F,5946,29
1470,CANV,1976,4,PF,1,A,4,M,13485,52
1470,CANV,1976,4,PF,1,A,5,F,9364,44
1470,CANV,1976,4,PF,2,I,4,M,13852,58
1470,CANV,1976,4,PF,2,I,5,F,15095,62
1470,CANV,1976,5,AK,2,I,4,M,71,1
1470,CANV,1976,5,AK,2,I,5,F,356,4
1470,CANV,1977,1,AF,1,A,4,M,2120,17
1470,CANV,1977,1,AF,1,A,5,F,2910,17
1470,CANV,1977,1,AF,2,I,4,M,935,8
1470,CANV,1977,1,AF,2,I,5,F,985,9
1470,CANV,1977,2,MF,0,U,0,U,253,1
1470,CANV,1977,2,MF,1,A,4,M,10950,43
1470,CANV,1977,2,MF,1,A,5,F,6138,24
1470,CANV,1977,2,MF,2,I,4,M,3723,17
1470,CANV,1977,2,MF,2,I,5,F,3697,18
1470,CANV,1977,3,CF,1,A,4,M,3885,27
1470,CANV,1977,3,CF,1,A,5,F,4761,28
1470,CANV,1977,3,CF,2,I,4,M,819,7
1470,CANV,1977,3,CF,2,I,5,F,1366,9
1470,CANV,1977,4,PF,1,A,4,M,12578,41
1470,CANV,1977,4,PF,1,A,5,F,8773,32
1470,CANV,1977,4,PF,2,I,4,M,5504,25
1470,CANV,1977,4,PF,2,I,5,F,5632,31
1470,CANV,1977,5,AK,1,A,5,F,133,2
1470,CANV,1977,5,AK,2,I,4,M,188,2
1470,CANV,1977,5,AK,2,I,5,F,109,1
1470,CANV,1978,1,AF,1,A,4,M,1487,12
1470,CANV,1978,1,AF,1,A,5,F,1409,12
1470,CANV,1978,1,AF,2,I,4,M,1214,11
1470,CANV,1978,1,AF,2,I,5,F,1342,10
1470,CANV,1978,2,MF,1,A,4,M,2468,10
1470,CANV,1978,2,MF,1,A,5,F,5226,21
1470,CANV,1978,2,MF,2,I,4,M,4658,19
1470,CANV,1978,2,MF,2,I,5,F,8001,27
1470,CANV,1978,3,CF,1,A,4,M,1782,11
1470,CANV,1978,3,CF,1,A,5,F,2026,11
1470,CANV,1978,3,CF,2,I,4,M,2221,13
1470,CANV,1978,3,CF,2,I,5,F,975,7
1470,CANV,1978,4,PF,1,A,4,M,7360,27
1470,CANV,1978,4,PF,1,A,5,F,6034,23
1470,CANV,1978,4,PF,2,I,4,M,9136,49
1470,CANV,1978,4,PF,2,I,5,F,8558,38
1470,CANV,1978,5,AK,2,I,4,M,58,1
1470,CANV,1978,5,AK,2,I,5,F,261,3
1470,CANV,1979,1,AF,0,U,4,M,124,1
1470,CANV,1979,1,AF,1,A,4,M,1178,14
1470,CANV,1979,1,AF,1,A,5,F,1183,14
1470,CANV,1979,1,AF,2,I,4,M,2946,28
1470,CANV,1979,1,AF,2,I,5,F,3818,31
1470,CANV,1979,2,MF,1,A,4,M,4036,18
1470,CANV,1979,2,MF,1,A,5,F,3977,16
1470,CANV,1979,2,MF,2,I,4,M,14296,49
1470,CANV,1979,2,MF,2,I,5,F,17077,53
1470,CANV,1979,3,CF,1,A,4,M,1500,7
1470,CANV,1979,3,CF,1,A,5,F,3029,17
1470,CANV,1979,3,CF,2,I,4,M,5971,43
1470,CANV,1979,3,CF,2,I,5,F,6821,41
1470,CANV,1979,4,PF,1,A,4,M,3383,17
1470,CANV,1979,4,PF,1,A,5,F,3190,17
1470,CANV,1979,4,PF,2,I,4,M,8014,45
1470,CANV,1979,4,PF,2,I,5,F,11440,53
1470,CANV,1979,5,AK,2,I,4,M,70,1
1470,CANV,1979,5,AK,2,I,5,F,211,3
1470,CANV,1980,1,AF,0,U,0,U,151,1
1470,CANV,1980,1,AF,1,A,4,M,2533,22
1470,CANV,1980,1,AF,1,A,5,F,1479,15
1470,CANV,1980,1,AF,2,I,4,M,1900,17
1470,CANV,1980,1,AF,2,I,5,F,2119,24
1470,CANV,1980,2,MF,0,U,4,M,198,1
1470,CANV,1980,2,MF,1,A,4,M,6048,30
1470,CANV,1980,2,MF,1,A,5,F,7329,28
1470,CANV,1980,2,MF,2,I,4,M,7315,40
1470,CANV,1980,2,MF,2,I,5,F,6442,33
1470,CANV,1980,3,CF,1,A,4,M,1386,11
1470,CANV,1980,3,CF,1,A,5,F,1019,7
1470,CANV,1980,3,CF,2,I,4,M,3406,26
1470,CANV,1980,3,CF,2,I,5,F,1988,12
1470,CANV,1980,4,PF,1,A,4,M,4343,18
1470,CANV,1980,4,PF,1,A,5,F,5804,24
1470,CANV,1980,4,PF,2,I,4,M,5875,37
1470,CANV,1980,4,PF,2,I,5,F,7107,35
1470,CANV,1980,5,AK,1,A,4,M,67,1
1470,CANV,1980,5,AK,1,A,5,F,202,3
1470,CANV,1980,5,AK,2,I,4,M,67,1
1470,CANV,1980,5,AK,2,I,5,F,293,4
1470,CANV,1981,1,AF,0,U,0,U,102,1
1470,CANV,1981,1,AF,1,A,4,M,2336,20
1470,CANV,1981,1,AF,1,A,5,F,2496,21
1470,CANV,1981,1,AF,2,I,4,M,2245,19
1470,CANV,1981,1,AF,2,I,5,F,963,8
1470,CANV,1981,2,MF,0,U,0,U,191,1
1470,CANV,1981,2,MF,1,A,4,M,8950,40
1470,CANV,1981,2,MF,1,A,5,F,5968,27
1470,CANV,1981,2,MF,2,I,4,M,2699,13
1470,CANV,1981,2,MF,2,I,5,F,2199,12
1470,CANV,1981,3,CF,1,A,4,M,2362,10
1470,CANV,1981,3,CF,1,A,5,F,560,7
1470,CANV,1981,3,CF,2,I,4,M,1407,12
1470,CANV,1981,3,CF,2,I,5,F,567,7
1470,CANV,1981,4,PF,0,U,4,M,134,1
1470,CANV,1981,4,PF,1,A,4,M,7407,48
1470,CANV,1981,4,PF,1,A,5,F,7032,51
1470,CANV,1981,4,PF,2,I,4,M,5468,41
1470,CANV,1981,4,PF,2,I,5,F,4889,39
1470,CANV,1981,5,AK,1,A,5,F,40,1
1470,CANV,1981,5,AK,2,I,4,M,40,1
1470,CANV,1981,5,AK,2,I,5,F,245,4
1470,CANV,1982,1,AF,1,A,4,M,430,7
1470,CANV,1982,1,AF,1,A,5,F,848,10
1470,CANV,1982,1,AF,2,I,4,M,879,8
1470,CANV,1982,1,AF,2,I,5,F,938,10
1470,CANV,1982,2,MF,1,A,4,M,2683,20
1470,CANV,1982,2,MF,1,A,5,F,2663,15
1470,CANV,1982,2,MF,2,I,4,M,3195,16
1470,CANV,1982,2,MF,2,I,5,F,5404,28
1470,CANV,1982,3,CF,1,A,4,M,3310,14
1470,CANV,1982,3,CF,1,A,5,F,1649,10
1470,CANV,1982,3,CF,2,I,4,M,1494,13
1470,CANV,1982,3,CF,2,I,5,F,1677,10
1470,CANV,1982,4,PF,1,A,4,M,5456,31
1470,CANV,1982,4,PF,1,A,5,F,5047,34
1470,CANV,1982,4,PF,2,I,4,M,4537,31
1470,CANV,1982,4,PF,2,I,5,F,4780,39
1470,CANV,1982,5,AK,2,I,4,M,63,1
1470,CANV,1983,1,AF,0,U,0,U,86,1
1470,CANV,1983,1,AF,0,U,4,M,143,1
1470,CANV,1983,1,AF,1,A,4,M,5755,57
1470,CANV,1983,1,AF,1,A,5,F,2016,24
1470,CANV,1983,1,AF,2,I,4,M,4182,47
1470,CANV,1983,1,AF,2,I,5,F,2105,26
1470,CANV,1983,2,MF,1,A,4,M,4654,24
1470,CANV,1983,2,MF,1,A,5,F,6149,24
1470,CANV,1983,2,MF,2,I,4,M,9900,62
1470,CANV,1983,2,MF,2,I,5,F,10275,58
1470,CANV,1983,3,CF,1,A,4,M,1734,13
1470,CANV,1983,3,CF,1,A,5,F,3013,20
1470,CANV,1983,3,CF,2,I,4,M,4827,39
1470,CANV,1983,3,CF,2,I,5,F,4633,33
1470,CANV,1983,4,PF,0,U,0,U,62,1
1470,CANV,1983,4,PF,1,A,4,M,3190,25
1470,CANV,1983,4,PF,1,A,5,F,2633,18
1470,CANV,1983,4,PF,2,I,0,U,154,1
1470,CANV,1983,4,PF,2,I,4,M,8007,59
1470,CANV,1983,4,PF,2,I,5,F,7555,57
1470,CANV,1983,5,AK,1,A,5,F,41,1
1470,CANV,1983,5,AK,2,I,4,M,343,8
1470,CANV,1983,5,AK,2,I,5,F,506,12
1470,CANV,1984,1,AF,1,A,4,M,4270,35
1470,CANV,1984,1,AF,1,A,5,F,798,8
1470,CANV,1984,1,AF,2,I,4,M,1826,18
1470,CANV,1984,1,AF,2,I,5,F,1637,16
1470,CANV,1984,2,MF,1,A,4,M,6775,32
1470,CANV,1984,2,MF,1,A,5,F,5489,21
1470,CANV,1984,2,MF,2,I,4,M,4433,27
1470,CANV,1984,2,MF,2,I,5,F,6318,32
1470,CANV,1984,3,CF,0,U,0,U,174,1
1470,CANV,1984,3,CF,1,A,4,M,3163,28
1470,CANV,1984,3,CF,1,A,5,F,4311,29
1470,CANV,1984,3,CF,2,I,4,M,2917,23
1470,CANV,1984,3,CF,2,I,5,F,3651,33
1470,CANV,1984,4,PF,1,A,4,M,6660,47
1470,CANV,1984,4,PF,1,A,5,F,8576,54
1470,CANV,1984,4,PF,2,I,4,M,4083,31
1470,CANV,1984,4,PF,2,I,5,F,6229,39
1470,CANV,1984,5,AK,1,A,4,M,147,2
1470,CANV,1984,5,AK,2,I,4,M,192,3
1470,CANV,1984,5,AK,2,I,5,F,293,4
1470,CANV,1985,1,AF,0,U,4,M,118,1
1470,CANV,1985,1,AF,0,U,5,F,118,1
1470,CANV,1985,1,AF,1,A,4,M,4575,46
1470,CANV,1985,1,AF,1,A,5,F,1042,16
1470,CANV,1985,1,AF,2,I,4,M,1895,17
1470,CANV,1985,1,AF,2,I,5,F,1273,14
1470,CANV,1985,2,MF,0,U,0,U,457,3
1470,CANV,1985,2,MF,1,A,4,M,4731,28
1470,CANV,1985,2,MF,1,A,5,F,4383,24
1470,CANV,1985,2,MF,2,I,4,M,6562,31
1470,CANV,1985,2,MF,2,I,5,F,6928,33
1470,CANV,1985,3,CF,1,A,4,M,1412,16
1470,CANV,1985,3,CF,1,A,5,F,1986,20
1470,CANV,1985,3,CF,2,I,4,M,3488,40
1470,CANV,1985,3,CF,2,I,5,F,3531,31
1470,CANV,1985,4,PF,1,A,4,M,11454,77
1470,CANV,1985,4,PF,1,A,5,F,8263,55
1470,CANV,1985,4,PF,2,I,4,M,9346,72
1470,CANV,1985,4,PF,2,I,5,F,8247,64
1470,CANV,1985,5,AK,2,I,4,M,131,3
1470,CANV,1985,5,AK,2,I,5,F,285,6
1470,CANV,1986,1,AF,2,I,4,M,204,2
1470,CANV,1986,2,MF,1,A,4,M,594,3
1470,CANV,1986,3,CF,1,A,4,M,143,1
1470,CANV,1986,3,CF,1,A,5,F,114,1
1470,CANV,1986,3,CF,2,I,4,M,293,2
1470,CANV,1986,3,CF,2,I,5,F,514,4
1470,CANV,1986,4,PF,1,A,4,M,7252,36
1470,CANV,1986,4,PF,1,A,5,F,4784,26
1470,CANV,1986,4,PF,2,I,4,M,4811,34
1470,CANV,1986,4,PF,2,I,5,F,5271,36
1470,CANV,1986,5,AK,2,I,4,M,164,2
1470,CANV,1986,5,AK,2,I,5,F,98,1
1470,CANV,1987,1,AF,1,A,5,F,76,1
1470,CANV,1987,2,MF,2,I,5,F,802,4
1470,CANV,1987,3,CF,1,A,4,M,35,1
1470,CANV,1987,3,CF,1,A,5,F,35,1
1470,CANV,1987,3,CF,2,I,4,M,382,6
1470,CANV,1987,3,CF,2,I,5,F,332,4
1470,CANV,1987,4,PF,0,U,0,U,316,2
1470,CANV,1987,4,PF,1,A,4,M,3699,30
1470,CANV,1987,4,PF,1,A,5,F,3772,26
1470,CANV,1987,4,PF,2,I,4,M,4816,40
1470,CANV,1987,4,PF,2,I,5,F,5110,37
1470,CANV,1987,5,AK,2,I,4,M,221,5
1470,CANV,1987,5,AK,2,I,5,F,271,6
1470,CANV,1988,1,AF,1,A,4,M,82,1
1470,CANV,1988,2,MF,1,A,5,F,141,1
1470,CANV,1988,3,CF,1,A,4,M,34,1
1470,CANV,1988,3,CF,1,A,5,F,104,2
1470,CANV,1988,3,CF,2,I,4,M,52,1
1470,CANV,1988,4,PF,1,A,5,F,68,1
1470,CANV,1988,4,PF,2,I,4,M,317,4
1470,CANV,1988,4,PF,2,I,5,F,51,1
1470,CANV,1988,5,AK,2,I,4,M,103,4
1470,CANV,1988,5,AK,2,I,5,F,51,2
1470,CANV,1989,1,AF,1,A,4,M,86,1
1470,CANV,1989,1,AF,1,A,5,F,86,1
1470,CANV,1989,1,AF,2,I,4,M,55,1
1470,CANV,1989,2,MF,1,A,4,M,254,1
1470,CANV,1989,2,MF,1,A,5,F,32,1
1470,CANV,1989,2,MF,2,I,5,F,222,2
1470,CANV,1989,3,CF,1,A,5,F,189,3
1470,CANV,1989,3,CF,2,I,4,M,89,1
1470,CANV,1989,3,CF,2,I,5,F,54,1
1470,CANV,1989,4,PF,0,U,0,U,57,1
1470,CANV,1989,4,PF,1,A,4,M,2194,25
1470,CANV,1989,4,PF,1,A,5,F,1787,19
1470,CANV,1989,4,PF,2,I,4,M,2505,31
1470,CANV,1989,4,PF,2,I,5,F,3207,44
1470,CANV,1989,5,AK,1,A,4,M,36,1
1470,CANV,1989,5,AK,2,I,4,M,165,4
1470,CANV,1989,5,AK,2,I,5,F,29,1
1470,CANV,1990,1,AF,1,A,4,M,68,1
1470,CANV,1990,1,AF,2,I,5,F,36,1
1470,CANV,1990,2,MF,1,A,4,M,188,1
1470,CANV,1990,2,MF,2,I,4,M,68,1
1470,CANV,1990,2,MF,2,I,5,F,55,1
1470,CANV,1990,3,CF,0,U,4,M,117,1
1470,CANV,1990,3,CF,0,U,5,F,108,1
1470,CANV,1990,3,CF,2,I,5,F,109,1
1470,CANV,1990,4,PF,0,U,0,U,24,1
1470,CANV,1990,4,PF,0,U,5,F,147,2
1470,CANV,1990,4,PF,1,A,4,M,1559,23
1470,CANV,1990,4,PF,1,A,5,F,1368,21
1470,CANV,1990,4,PF,2,I,4,M,2586,40
1470,CANV,1990,4,PF,2,I,5,F,1383,21
1470,CANV,1990,5,AK,1,A,5,F,55,1
1470,CANV,1990,5,AK,2,I,4,M,119,3
1470,CANV,1990,5,AK,2,I,5,F,151,4
1470,CANV,1991,2,MF,1,A,4,M,237,2
1470,CANV,1991,3,CF,1,A,4,M,47,1
1470,CANV,1991,3,CF,1,A,5,F,52,1
1470,CANV,1991,3,CF,2,I,4,M,193,3
1470,CANV,1991,3,CF,2,I,5,F,68,1
1470,CANV,1991,4,PF,1,A,4,M,827,13
1470,CANV,1991,4,PF,1,A,5,F,1101,16
1470,CANV,1991,4,PF,2,I,4,M,2276,34
1470,CANV,1991,4,PF,2,I,5,F,2957,46
1470,CANV,1991,5,AK,2,I,4,M,193,2
1470,CANV,1991,5,AK,2,I,5,F,340,5
1470,CANV,1992,2,MF,2,I,5,F,199,3
1470,CANV,1992,3,CF,2,I,4,M,56,1
1470,CANV,1992,3,CF,2,I,5,F,45,1
1470,CANV,1992,4,PF,0,U,0,U,79,2
1470,CANV,1992,4,PF,1,A,4,M,5556,119
1470,CANV,1992,4,PF,1,A,5,F,1840,38
1470,CANV,1992,4,PF,2,I,4,M,1984,33
1470,CANV,1992,4,PF,2,I,5,F,1676,30
1470,CANV,1992,5,AK,2,I,4,M,99,2
1470,CANV,1992,5,AK,2,I,5,F,136,3
1470,CANV,1993,1,AF,2,I,5,F,51,1
1470,CANV,1993,2,MF,1,A,5,F,62,1
1470,CANV,1993,2,MF,2,I,4,M,111,1
1470,CANV,1993,3,CF,2,I,4,M,151,3
1470,CANV,1993,3,CF,2,I,5,F,106,2
1470,CANV,1993,4,PF,1,A,4,M,3878,55
1470,CANV,1993,4,PF,1,A,5,F,2913,44
1470,CANV,1993,4,PF,2,I,4,M,2528,38
1470,CANV,1993,4,PF,2,I,5,F,3399,48
1470,CANV,1993,5,AK,2,I,5,F,107,2
1470,CANV,1994,1,AF,1,A,4,M,1196,17
1470,CANV,1994,1,AF,1,A,5,F,984,7
1470,CANV,1994,1,AF,2,I,4,M,1329,21
1470,CANV,1994,1,AF,2,I,5,F,894,14
1470,CANV,1994,2,MF,0,U,0,U,155,2
1470,CANV,1994,2,MF,0,U,4,M,155,2
1470,CANV,1994,2,MF,1,A,4,M,5580,51
1470,CANV,1994,2,MF,1,A,5,F,3794,37
1470,CANV,1994,2,MF,2,I,4,M,13250,135
1470,CANV,1994,2,MF,2,I,5,F,8405,77
1470,CANV,1994,3,CF,1,A,4,M,2312,28
1470,CANV,1994,3,CF,1,A,5,F,1529,19
1470,CANV,1994,3,CF,2,I,4,M,6194,74
1470,CANV,1994,3,CF,2,I,5,F,3336,46
1470,CANV,1994,4,PF,0,U,0,U,84,1
1470,CANV,1994,4,PF,1,A,4,M,3610,57
1470,CANV,1994,4,PF,1,A,5,F,2616,43
1470,CANV,1994,4,PF,2,I,4,M,7415,117
1470,CANV,1994,4,PF,2,I,5,F,6236,93
1470,CANV,1994,5,AK,1,A,4,M,46,1
1470,CANV,1994,5,AK,2,I,4,M,99,1
1470,CANV,1994,5,AK,2,I,5,F,46,1
1470,CANV,1995,1,AF,0,U,4,M,78,1
1470,CANV,1995,1,AF,1,A,4,M,3802,58
1470,CANV,1995,1,AF,1,A,5,F,3955,28
1470,CANV,1995,1,AF,2,I,4,M,2392,24
1470,CANV,1995,1,AF,2,I,5,F,2909,30
1470,CANV,1995,2,MF,0,U,0,U,383,2
1470,CANV,1995,2,MF,0,U,4,M,145,1
1470,CANV,1995,2,MF,1,A,4,M,13780,90
1470,CANV,1995,2,MF,1,A,5,F,10207,60
1470,CANV,1995,2,MF,2,I,4,M,20247,114
1470,CANV,1995,2,MF,2,I,5,F,15285,87
1470,CANV,1995,3,CF,0,U,4,M,64,1
1470,CANV,1995,3,CF,1,A,4,M,4359,46
1470,CANV,1995,3,CF,1,A,5,F,5589,55
1470,CANV,1995,3,CF,2,I,4,M,5324,53
1470,CANV,1995,3,CF,2,I,5,F,4600,43
1470,CANV,1995,4,PF,1,A,4,M,3543,42
1470,CANV,1995,4,PF,1,A,5,F,3109,34
1470,CANV,1995,4,PF,2,I,4,M,4904,54
1470,CANV,1995,4,PF,2,I,5,F,4313,39
1470,CANV,1995,5,AK,2,I,5,F,275,4
1470,CANV,1996,1,AF,0,U,4,M,89,1
1470,CANV,1996,1,AF,1,A,4,M,6442,93
1470,CANV,1996,1,AF,1,A,5,F,2655,34
1470,CANV,1996,1,AF,2,I,4,M,6156,72
1470,CANV,1996,1,AF,2,I,5,F,4615,54
1470,CANV,1996,2,MF,1,A,4,M,9054,50
1470,CANV,1996,2,MF,1,A,5,F,5654,23
1470,CANV,1996,2,MF,2,I,4,M,18127,99
1470,CANV,1996,2,MF,2,I,5,F,16903,84
1470,CANV,1996,3,CF,1,A,4,M,3526,29
1470,CANV,1996,3,CF,1,A,5,F,3433,30
1470,CANV,1996,3,CF,2,I,4,M,6220,58
1470,CANV,1996,3,CF,2,I,5,F,5036,48
1470,CANV,1996,4,PF,1,A,4,M,5099,47
1470,CANV,1996,4,PF,1,A,5,F,3797,35
1470,CANV,1996,4,PF,2,I,4,M,5690,47
1470,CANV,1996,4,PF,2,I,5,F,6925,60
1470,CANV,1996,5,AK,2,I,4,M,478,4
1470,CANV,1996,5,AK,2,I,5,F,202,2
1470,CANV,1997,1,AF,1,A,4,M,4078,42
1470,CANV,1997,1,AF,1,A,5,F,3952,32
1470,CANV,1997,1,AF,2,I,4,M,1757,16
1470,CANV,1997,1,AF,2,I,5,F,2551,24
1470,CANV,1997,2,MF,1,A,4,M,13304,51
1470,CANV,1997,2,MF,1,A,5,F,11709,38
1470,CANV,1997,2,MF,2,I,4,M,18371,96
1470,CANV,1997,2,MF,2,I,5,F,16243,74
1470,CANV,1997,3,CF,1,A,4,M,4635,48
1470,CANV,1997,3,CF,1,A,5,F,3234,29
1470,CANV,1997,3,CF,2,I,4,M,8846,79
1470,CANV,1997,3,CF,2,I,5,F,6537,59
1470,CANV,1997,4,PF,1,A,4,M,5584,58
1470,CANV,1997,4,PF,1,A,5,F,3328,38
1470,CANV,1997,4,PF,2,I,4,M,8862,94
1470,CANV,1997,4,PF,2,I,5,F,7941,88
1470,CANV,1997,5,AK,2,I,5,F,387,2
1470,CANV,1998,1,AF,1,A,4,M,3365,39
1470,CANV,1998,1,AF,1,A,5,F,1263,11
1470,CANV,1998,1,AF,2,I,4,M,1890,23
1470,CANV,1998,1,AF,2,I,5,F,808,10
1470,CANV,1998,2,MF,1,A,4,M,10888,50
1470,CANV,1998,2,MF,1,A,5,F,9503,39
1470,CANV,1998,2,MF,2,I,4,M,10768,43
1470,CANV,1998,2,MF,2,I,5,F,5424,24
1470,CANV,1998,3,CF,1,A,4,M,6212,56
1470,CANV,1998,3,CF,1,A,5,F,4982,36
1470,CANV,1998,3,CF,2,I,4,M,6607,50
1470,CANV,1998,3,CF,2,I,5,F,4427,33
1470,CANV,1998,4,PF,1,A,4,M,6484,51
1470,CANV,1998,4,PF,1,A,5,F,6039,47
1470,CANV,1998,4,PF,2,I,4,M,6439,49
1470,CANV,1998,4,PF,2,I,5,F,8065,64
1470,CANV,1998,5,AK,0,U,0,U,76,1
1470,CANV,1998,5,AK,2,I,4,M,152,2
1470,CANV,1998,5,AK,2,I,5,F,76,1
1470,CANV,1999,1,AF,1,A,4,M,2018,21
1470,CANV,1999,1,AF,1,A,5,F,2044,20
1470,CANV,1999,1,AF,2,I,4,M,1142,10
1470,CANV,1999,1,AF,2,I,5,F,362,3
1470,CANV,1999,2,MF,1,A,4,M,8502,29
1470,CANV,1999,2,MF,1,A,5,F,8030,29
1470,CANV,1999,2,MF,2,I,4,M,13926,49
1470,CANV,1999,2,MF,2,I,5,F,10052,34
1470,CANV,1999,3,CF,0,U,0,U,154,1
1470,CANV,1999,3,CF,0,U,4,M,139,1
1470,CANV,1999,3,CF,1,A,4,M,7351,40
1470,CANV,1999,3,CF,1,A,5,F,7127,39
1470,CANV,1999,3,CF,2,I,4,M,11192,68
1470,CANV,1999,3,CF,2,I,5,F,7675,44
1470,CANV,1999,4,PF,1,A,4,M,6261,57
1470,CANV,1999,4,PF,1,A,5,F,4557,45
1470,CANV,1999,4,PF,2,I,4,M,4316,39
1470,CANV,1999,4,PF,2,I,5,F,4994,48
1470,CANV,2000,1,AF,1,A,4,M,8325,79
1470,CANV,2000,1,AF,1,A,5,F,3568,31
1470,CANV,2000,1,AF,2,I,4,M,2959,25
1470,CANV,2000,1,AF,2,I,5,F,1622,14
1470,CANV,2000,2,MF,1,A,4,M,22160,74
1470,CANV,2000,2,MF,1,A,5,F,8872,29
1470,CANV,2000,2,MF,2,I,4,M,11165,38
1470,CANV,2000,2,MF,2,I,5,F,6986,24
1470,CANV,2000,3,CF,0,U,4,M,117,1
1470,CANV,2000,3,CF,1,A,4,M,9524,48
1470,CANV,2000,3,CF,1,A,5,F,7789,39
1470,CANV,2000,3,CF,2,I,4,M,5470,35
1470,CANV,2000,3,CF,2,I,5,F,4060,26
1470,CANV,2000,4,PF,1,A,4,M,7352,63
1470,CANV,2000,4,PF,1,A,5,F,3930,36
1470,CANV,2000,4,PF,2,I,4,M,5083,44
1470,CANV,2000,4,PF,2,I,5,F,3418,32
1470,CANV,2000,5,AK,2,I,4,M,164,2
1470,CANV,2000,5,AK,2,I,5,F,82,1
1470,CANV,2001,1,AF,1,A,4,M,813,7
1470,CANV,2001,1,AF,1,A,5,F,603,4
1470,CANV,2001,1,AF,2,I,4,M,162,2
1470,CANV,2001,2,MF,1,A,4,M,1852,6
1470,CANV,2001,2,MF,1,A,5,F,2871,9
1470,CANV,2001,2,MF,2,I,4,M,3348,12
1470,CANV,2001,2,MF,2,I,5,F,3507,11
1470,CANV,2001,3,CF,1,A,4,M,4078,19
1470,CANV,2001,3,CF,1,A,5,F,3847,17
1470,CANV,2001,3,CF,2,I,4,M,3559,21
1470,CANV,2001,3,CF,2,I,5,F,2509,16
1470,CANV,2001,4,PF,1,A,4,M,1867,19
1470,CANV,2001,4,PF,1,A,5,F,2389,22
1470,CANV,2001,4,PF,2,I,4,M,2355,23
1470,CANV,2001,4,PF,2,I,5,F,2871,29
1470,CANV,2002,2,MF,1,A,5,F,140,1
1470,CANV,2002,2,MF,2,I,4,M,434,1
1470,CANV,2002,3,CF,1,A,4,M,435,2
1470,CANV,2002,3,CF,1,A,5,F,338,2
1470,CANV,2002,3,CF,2,I,4,M,218,1
1470,CANV,2002,3,CF,2,I,5,F,218,1
1470,CANV,2002,4,PF,1,A,4,M,304,3
1470,CANV,2002,4,PF,1,A,5,F,203,2
1470,CANV,2002,4,PF,2,I,4,M,336,4
1470,CANV,2002,5,AK,2,I,4,M,138,2
1470,CANV,2002,5,AK,2,I,5,F,206,3
1470,CANV,2003,1,AF,1,A,4,M,2283,23
1470,CANV,2003,1,AF,1,A,5,F,749,8
1470,CANV,2003,1,AF,2,I,4,M,676,9
1470,CANV,2003,1,AF,2,I,5,F,1030,9
1470,CANV,2003,2,MF,1,A,4,M,3116,11
1470,CANV,2003,2,MF,1,A,5,F,1528,4
1470,CANV,2003,2,MF,2,I,4,M,3627,13
1470,CANV,2003,2,MF,2,I,5,F,1550,6
1470,CANV,2003,3,CF,1,A,4,M,1599,11
1470,CANV,2003,3,CF,1,A,5,F,1588,13
1470,CANV,2003,3,CF,2,I,4,M,2050,15
1470,CANV,2003,3,CF,2,I,5,F,2769,20
1470,CANV,2003,4,PF,1,A,4,M,3682,38
1470,CANV,2003,4,PF,1,A,5,F,1867,18
1470,CANV,2003,4,PF,2,I,4,M,2962,33
1470,CANV,2003,4,PF,2,I,5,F,2712,29
1470,CANV,2003,5,AK,2,I,4,M,78,1
1470,CANV,2003,5,AK,2,I,5,F,78,1
1470,CANV,2004,1,AF,1,A,4,M,5848,49
1470,CANV,2004,1,AF,1,A,5,F,1344,13
1470,CANV,2004,1,AF,2,I,4,M,1603,14
1470,CANV,2004,1,AF,2,I,5,F,978,10
1470,CANV,2004,2,MF,1,A,4,M,4190,15
1470,CANV,2004,2,MF,1,A,5,F,4043,15
1470,CANV,2004,2,MF,2,I,4,M,1292,5
1470,CANV,2004,2,MF,2,I,5,F,1298,6
1470,CANV,2004,3,CF,0,U,0,U,283,1
1470,CANV,2004,3,CF,1,A,4,M,2188,18
1470,CANV,2004,3,CF,1,A,5,F,2775,17
1470,CANV,2004,3,CF,2,I,4,M,2318,19
1470,CANV,2004,3,CF,2,I,5,F,1294,8
1470,CANV,2004,4,PF,1,A,4,M,5377,40
1470,CANV,2004,4,PF,1,A,5,F,3659,25
1470,CANV,2004,4,PF,2,I,4,M,3403,30
1470,CANV,2004,4,PF,2,I,5,F,2505,20
1470,CANV,2004,5,AK,2,I,5,F,81,1
1470,CANV,2005,1,AF,0,U,4,M,86,1
1470,CANV,2005,1,AF,1,A,4,M,1323,14
1470,CANV,2005,1,AF,1,A,5,F,398,5
1470,CANV,2005,1,AF,2,I,4,M,913,10
1470,CANV,2005,1,AF,2,I,5,F,1714,18
1470,CANV,2005,2,MF,1,A,4,M,10184,44
1470,CANV,2005,2,MF,1,A,5,F,5622,20
1470,CANV,2005,2,MF,2,I,4,M,8564,38
1470,CANV,2005,2,MF,2,I,5,F,8417,34
1470,CANV,2005,3,CF,1,A,4,M,2199,12
1470,CANV,2005,3,CF,1,A,5,F,2141,12
1470,CANV,2005,3,CF,2,I,4,M,8170,60
1470,CANV,2005,3,CF,2,I,5,F,4960,30
1470,CANV,2005,4,PF,1,A,4,M,1076,10
1470,CANV,2005,4,PF,1,A,5,F,1142,12
1470,CANV,2005,4,PF,2,I,4,M,3303,36
1470,CANV,2005,4,PF,2,I,5,F,3857,41
1470,CANV,2005,5,AK,1,A,4,M,50,1
1470,CANV,2005,5,AK,2,I,4,M,150,3
1470,CANV,2005,5,AK,2,I,5,F,150,3
1470,CANV,2006,1,AF,1,A,4,M,165,2
1470,CANV,2006,1,AF,1,A,5,F,250,3
1470,CANV,2006,1,AF,2,I,4,M,655,6
1470,CANV,2006,1,AF,2,I,5,F,158,2
1470,CANV,2006,2,MF,0,U,0,U,200,1
1470,CANV,2006,2,MF,1,A,4,M,6713,24
1470,CANV,2006,2,MF,1,A,5,F,6032,22
1470,CANV,2006,2,MF,2,I,4,M,23004,80
1470,CANV,2006,2,MF,2,I,5,F,9690,34
1470,CANV,2006,3,CF,0,U,0,U,125,1
1470,CANV,2006,3,CF,1,A,4,M,3017,18
1470,CANV,2006,3,CF,1,A,5,F,3581,24
1470,CANV,2006,3,CF,2,I,4,M,8092,55
1470,CANV,2006,3,CF,2,I,5,F,3216,24
1470,CANV,2006,4,PF,0,U,4,M,103,1
1470,CANV,2006,4,PF,1,A,4,M,6485,54
1470,CANV,2006,4,PF,1,A,5,F,5160,45
1470,CANV,2006,4,PF,2,I,4,M,7036,65
1470,CANV,2006,4,PF,2,I,5,F,8134,73
1470,CANV,2006,5,AK,1,A,5,F,69,1
1470,CANV,2007,1,AF,1,A,4,M,1317,15
1470,CANV,2007,1,AF,1,A,5,F,1571,17
1470,CANV,2007,1,AF,2,I,4,M,1664,18
1470,CANV,2007,1,AF,2,I,5,F,2436,27
1470,CANV,2007,2,MF,0,U,4,M,565,2
1470,CANV,2007,2,MF,1,A,4,M,16698,54
1470,CANV,2007,2,MF,1,A,5,F,9262,32
1470,CANV,2007,2,MF,2,I,4,M,20672,73
1470,CANV,2007,2,MF,2,I,5,F,9234,33
1470,CANV,2007,3,CF,1,A,4,M,4042,24
1470,CANV,2007,3,CF,1,A,5,F,2055,13
1470,CANV,2007,3,CF,2,I,4,M,5771,37
1470,CANV,2007,3,CF,2,I,5,F,3385,23
1470,CANV,2007,4,PF,0,U,0,U,292,2
1470,CANV,2007,4,PF,1,A,4,M,13839,123
1470,CANV,2007,4,PF,1,A,5,F,9163,83
1470,CANV,2007,4,PF,2,I,4,M,10859,106
1470,CANV,2007,4,PF,2,I,5,F,11951,109
1470,CANV,2007,5,AK,1,A,4,M,61,1
1470,CANV,2007,5,AK,1,A,5,F,61,1
1470,CANV,2007,5,AK,2,I,4,M,245,4
1470,CANV,2007,5,AK,2,I,5,F,61,1
1470,CANV,2008,1,AF,2,I,5,F,68,1
1470,CANV,2008,2,MF,1,A,4,M,403,1
1470,CANV,2008,2,MF,2,I,5,F,831,3
1470,CANV,2008,3,CF,1,A,4,M,5913,41
1470,CANV,2008,3,CF,1,A,5,F,3137,21
1470,CANV,2008,3,CF,2,I,4,M,5549,44
1470,CANV,2008,3,CF,2,I,5,F,1265,10
1470,CANV,2008,4,PF,1,A,4,M,402,2
1470,CANV,2008,4,PF,2,I,4,M,166,1
1470,CANV,2008,4,PF,2,I,5,F,237,2
1470,CANV,2008,5,AK,2,I,4,M,202,2
1470,CANV,2009,1,AF,1,A,4,M,3871,34
1470,CANV,2009,1,AF,1,A,5,F,992,9
1470,CANV,2009,1,AF,2,I,4,M,660,6
1470,CANV,2009,1,AF,2,I,5,F,1865,12
1470,CANV,2009,2,MF,1,A,4,M,8175,27
1470,CANV,2009,2,MF,1,A,5,F,7783,26
1470,CANV,2009,2,MF,2,I,4,M,6352,19
1470,CANV,2009,2,MF,2,I,5,F,5522,19
1470,CANV,2009,3,CF,0,U,0,U,325,3
1470,CANV,2009,3,CF,1,A,4,M,3794,29
1470,CANV,2009,3,CF,1,A,5,F,3427,24
1470,CANV,2009,3,CF,2,I,4,M,5083,43
1470,CANV,2009,3,CF,2,I,5,F,4621,39
1470,CANV,2009,4,PF,1,A,4,M,5366,39
1470,CANV,2009,4,PF,1,A,5,F,3549,26
1470,CANV,2009,4,PF,2,I,4,M,5298,44
1470,CANV,2009,4,PF,2,I,5,F,3579,29
1470,CANV,2009,5,AK,2,I,4,M,131,2
1470,CANV,2010,1,AF,0,U,0,U,79,1
1470,CANV,2010,1,AF,1,A,4,M,10804,57
1470,CANV,2010,1,AF,1,A,5,F,3721,23
1470,CANV,2010,1,AF,2,I,4,M,4405,25
1470,CANV,2010,1,AF,2,I,5,F,3980,27
1470,CANV,2010,2,MF,1,A,4,M,15860,52
1470,CANV,2010,2,MF,1,A,5,F,9809,30
1470,CANV,2010,2,MF,2,I,4,M,30112,111
1470,CANV,2010,2,MF,2,I,5,F,16922,58
1470,CANV,2010,3,CF,1,A,4,M,4135,27
1470,CANV,2010,3,CF,1,A,5,F,3007,20
1470,CANV,2010,3,CF,2,I,4,M,9180,70
1470,CANV,2010,3,CF,2,I,5,F,8503,54
1470,CANV,2010,4,PF,0,U,4,M,191,1
1470,CANV,2010,4,PF,1,A,4,M,5501,35
1470,CANV,2010,4,PF,1,A,5,F,5052,30
1470,CANV,2010,4,PF,2,I,4,M,7055,47
1470,CANV,2010,4,PF,2,I,5,F,7369,46
1470,CANV,2011,1,AF,0,U,0,U,173,1
1470,CANV,2011,1,AF,1,A,4,M,1461,9
1470,CANV,2011,1,AF,1,A,5,F,852,5
1470,CANV,2011,1,AF,2,I,4,M,1532,7
1470,CANV,2011,1,AF,2,I,5,F,1331,7
1470,CANV,2011,2,MF,0,U,0,U,680,2
1470,CANV,2011,2,MF,1,A,4,M,13531,33
1470,CANV,2011,2,MF,1,A,5,F,12227,31
1470,CANV,2011,2,MF,2,I,0,U,189,1
1470,CANV,2011,2,MF,2,I,4,M,19972,55
1470,CANV,2011,2,MF,2,I,5,F,21759,57
1470,CANV,2011,3,CF,1,A,4,M,5922,35
1470,CANV,2011,3,CF,1,A,5,F,7587,35
1470,CANV,2011,3,CF,2,I,4,M,11901,69
1470,CANV,2011,3,CF,2,I,5,F,16630,87
1470,CANV,2011,4,PF,1,A,4,M,4122,26
1470,CANV,2011,4,PF,1,A,5,F,2410,15
1470,CANV,2011,4,PF,2,I,4,M,7723,51
1470,CANV,2011,4,PF,2,I,5,F,10671,64
1470,CANV,2011,5,AK,2,I,5,F,187,2
1470,CANV,2012,1,AF,1,A,4,M,2434,14
1470,CANV,2012,1,AF,1,A,5,F,249,2
1470,CANV,2012,1,AF,2,I,4,M,611,5
1470,CANV,2012,1,AF,2,I,5,F,610,3
1470,CANV,2012,2,MF,0,U,0,U,469,1
1470,CANV,2012,2,MF,0,U,5,F,174,1
1470,CANV,2012,2,MF,1,A,4,M,19284,50
1470,CANV,2012,2,MF,1,A,5,F,8073,22
1470,CANV,2012,2,MF,2,I,4,M,7970,23
1470,CANV,2012,2,MF,2,I,5,F,16112,44
1470,CANV,2012,3,CF,1,A,4,M,8243,38
1470,CANV,2012,3,CF,1,A,5,F,7253,34
1470,CANV,2012,3,CF,2,I,4,M,7387,38
1470,CANV,2012,3,CF,2,I,5,F,3903,20
1470,CANV,2012,4,PF,0,U,0,U,178,1
1470,CANV,2012,4,PF,0,U,5,F,244,1
1470,CANV,2012,4,PF,1,A,4,M,10567,52
1470,CANV,2012,4,PF,1,A,5,F,7298,43
1470,CANV,2012,4,PF,2,I,4,M,7888,53
1470,CANV,2012,4,PF,2,I,5,F,8195,50
1470,CANV,2012,5,AK,1,A,4,M,109,1
1470,CANV,2013,1,AF,1,A,4,M,4829,39
1470,CANV,2013,1,AF,1,A,5,F,2436,16
1470,CANV,2013,1,AF,2,I,4,M,2744,23
1470,CANV,2013,1,AF,2,I,5,F,3102,25
1470,CANV,2013,2,MF,1,A,4,M,21338,65
1470,CANV,2013,2,MF,1,A,5,F,13226,40
1470,CANV,2013,2,MF,2,I,4,M,20481,60
1470,CANV,2013,2,MF,2,I,5,F,21057,66
1470,CANV,2013,3,CF,1,A,4,M,8233,44
1470,CANV,2013,3,CF,1,A,5,F,6428,36
1470,CANV,2013,3,CF,2,I,4,M,10553,60
1470,CANV,2013,3,CF,2,I,5,F,6831,42
1470,CANV,2013,4,PF,0,U,0,U,152,1
1470,CANV,2013,4,PF,0,U,5,F,152,1
1470,CANV,2013,4,PF,1,A,4,M,8694,63
1470,CANV,2013,4,PF,1,A,5,F,6051,42
1470,CANV,2013,4,PF,2,I,4,M,11699,91
1470,CANV,2013,4,PF,2,I,5,F,11432,87
1470,CANV,2013,5,AK,1,A,5,F,69,1
1470,CANV,2013,5,AK,2,I,4,M,69,1
1470,CANV,2013,5,AK,2,I,5,F,137,2
1470,CANV,2014,1,AF,0,U,0,U,82,1
1470,CANV,2014,1,AF,0,U,5,F,82,1
1470,CANV,2014,1,AF,1,A,4,M,843,9
1470,CANV,2014,1,AF,1,A,5,F,1167,9
1470,CANV,2014,1,AF,2,I,4,M,1455,14
1470,CANV,2014,1,AF,2,I,5,F,2002,17
1470,CANV,2014,2,MF,1,A,4,M,8286,31
1470,CANV,2014,2,MF,1,A,5,F,3478,13
1470,CANV,2014,2,MF,2,I,4,M,16506,65
1470,CANV,2014,2,MF,2,I,5,F,15288,54
1470,CANV,2014,3,CF,0,U,0,U,128,1
1470,CANV,2014,3,CF,1,A,4,M,6430,42
1470,CANV,2014,3,CF,1,A,5,F,4821,32
1470,CANV,2014,3,CF,2,I,4,M,14418,96
1470,CANV,2014,3,CF,2,I,5,F,9206,64
1470,CANV,2014,4,PF,0,U,4,M,95,1
1470,CANV,2014,4,PF,1,A,4,M,4735,47
1470,CANV,2014,4,PF,1,A,5,F,4226,47
1470,CANV,2014,4,PF,2,I,4,M,7321,73
1470,CANV,2014,4,PF,2,I,5,F,7694,78
1470,CANV,2015,1,AF,1,A,4,M,830,10
1470,CANV,2015,1,AF,1,A,5,F,831,6
1470,CANV,2015,1,AF,2,I,4,M,248,3
1470,CANV,2015,2,MF,0,U,0,U,258,1
1470,CANV,2015,2,MF,1,A,4,M,7008,30
1470,CANV,2015,2,MF,1,A,5,F,5297,25
1470,CANV,2015,2,MF,2,I,4,M,9238,38
1470,CANV,2015,2,MF,2,I,5,F,8894,37
1470,CANV,2015,3,CF,0,U,0,U,108,1
1470,CANV,2015,3,CF,1,A,4,M,4369,39
1470,CANV,2015,3,CF,1,A,5,F,4335,40
1470,CANV,2015,3,CF,2,I,4,M,7350,66
1470,CANV,2015,3,CF,2,I,5,F,5537,49
1470,CANV,2015,4,PF,0,U,0,U,170,1
1470,CANV,2015,4,PF,1,A,4,M,9731,67
1470,CANV,2015,4,PF,1,A,5,F,6990,45
1470,CANV,2015,4,PF,2,I,4,M,7809,62
1470,CANV,2015,4,PF,2,I,5,F,7212,55
1470,CANV,2016,1,AF,1,A,4,M,1224,12
1470,CANV,2016,1,AF,1,A,5,F,2179,15
1470,CANV,2016,1,AF,2,I,4,M,491,5
1470,CANV,2016,1,AF,2,I,5,F,613,6
1470,CANV,2016,2,MF,0,U,0,U,185,1
1470,CANV,2016,2,MF,0,U,4,M,185,1
1470,CANV,2016,2,MF,0,U,5,F,282,1
1470,CANV,2016,2,MF,1,A,4,M,12925,62
1470,CANV,2016,2,MF,1,A,5,F,9245,47
1470,CANV,2016,2,MF,2,I,4,M,14276,68
1470,CANV,2016,2,MF,2,I,5,F,8251,37
1470,CANV,2016,3,CF,0,U,0,U,162,1
1470,CANV,2016,3,CF,1,A,4,M,6979,52
1470,CANV,2016,3,CF,1,A,5,F,7119,50
1470,CANV,2016,3,CF,2,I,4,M,5593,43
1470,CANV,2016,3,CF,2,I,5,F,4826,38
1470,CANV,2016,4,PF,1,A,4,M,8816,58
1470,CANV,2016,4,PF,1,A,5,F,4246,26
1470,CANV,2016,4,PF,2,I,4,M,5893,41
1470,CANV,2016,4,PF,2,I,5,F,7547,49
1470,CANV,2017,1,AF,1,A,4,M,3727,39
1470,CANV,2017,1,AF,1,A,5,F,4165,35
1470,CANV,2017,1,AF,2,I,4,M,952,9
1470,CANV,2017,1,AF,2,I,5,F,1850,17
1470,CANV,2017,2,MF,0,U,0,U,902,3
1470,CANV,2017,2,MF,0,U,4,M,638,2
1470,CANV,2017,2,MF,1,A,4,M,13973,65
1470,CANV,2017,2,MF,1,A,5,F,7133,37
1470,CANV,2017,2,MF,2,I,4,M,10800,60
1470,CANV,2017,2,MF,2,I,5,F,6642,40
1470,CANV,2017,3,CF,1,A,4,M,9361,64
1470,CANV,2017,3,CF,1,A,5,F,6983,53
1470,CANV,2017,3,CF,2,I,4,M,6549,52
1470,CANV,2017,3,CF,2,I,5,F,5434,46
1470,CANV,2017,4,PF,0,U,0,U,170,1
1470,CANV,2017,4,PF,0,U,4,M,170,1
1470,CANV,2017,4,PF,1,A,4,M,4431,33
1470,CANV,2017,4,PF,1,A,5,F,3189,24
1470,CANV,2017,4,PF,2,I,4,M,6498,51
1470,CANV,2017,4,PF,2,I,5,F,6452,51
1470,CANV,2018,1,AF,0,U,0,U,445,2
1470,CANV,2018,1,AF,1,A,4,M,10764,112
1470,CANV,2018,1,AF,1,A,5,F,6473,60
1470,CANV,2018,1,AF,2,I,4,M,1202,14
1470,CANV,2018,1,AF,2,I,5,F,1849,17
1470,CANV,2018,2,MF,1,A,4,M,10757,45
1470,CANV,2018,2,MF,1,A,5,F,4271,26
1470,CANV,2018,2,MF,2,I,4,M,9935,58
1470,CANV,2018,2,MF,2,I,5,F,5629,32
1470,CANV,2018,3,CF,0,U,0,U,87,1
1470,CANV,2018,3,CF,1,A,4,M,4811,41
1470,CANV,2018,3,CF,1,A,5,F,3573,33
1470,CANV,2018,3,CF,2,I,4,M,4511,47
1470,CANV,2018,3,CF,2,I,5,F,3457,32
1470,CANV,2018,4,PF,0,U,0,U,74,1
1470,CANV,2018,4,PF,1,A,4,M,6117,56
1470,CANV,2018,4,PF,1,A,5,F,4552,43
1470,CANV,2018,4,PF,2,I,4,M,5662,58
1470,CANV,2018,4,PF,2,I,5,F,5465,56
1470,CANV,2019,1,AF,1,A,4,M,398,4
1470,CANV,2019,1,AF,1,A,5,F,366,4
1470,CANV,2019,1,AF,2,I,4,M,262,2
1470,CANV,2019,1,AF,2,I,5,F,554,6
1470,CANV,2019,2,MF,0,U,0,U,188,1
1470,CANV,2019,2,MF,1,A,4,M,8622,51
1470,CANV,2019,2,MF,1,A,5,F,3679,25
1470,CANV,2019,2,MF,2,I,4,M,9988,54
1470,CANV,2019,2,MF,2,I,5,F,7512,42
1470,CANV,2019,3,CF,1,A,4,M,5442,59
1470,CANV,2019,3,CF,1,A,5,F,3617,36
1470,CANV,2019,3,CF,2,I,0,U,86,1
1470,CANV,2019,3,CF,2,I,4,M,5687,61
1470,CANV,2019,3,CF,2,I,5,F,5258,55
1470,CANV,2019,4,PF,0,U,0,U,83,1
1470,CANV,2019,4,PF,1,A,4,M,6068,80
1470,CANV,2019,4,PF,1,A,5,F,3409,44
1470,CANV,2019,4,PF,2,I,4,M,7036,96
1470,CANV,2019,4,PF,2,I,5,F,4643,63
